time,temperature_2m,relative_humidity_2m,rain,weather_code
2012-03-01 00:00:00,8.0,92,0.0,0
2012-03-01 01:00:00,8.1,92,0.0,1
2012-03-01 02:00:00,8.0,92,0.0,2
2012-03-01 03:00:00,8.3,92,0.0,3
2012-03-01 04:00:00,8.2,92,0.0,3
2012-03-01 05:00:00,8.2,93,0.0,2
2012-03-01 06:00:00,8.0,94,0.0,2
2012-03-01 07:00:00,8.1,94,0.0,3
2012-03-01 08:00:00,8.7,92,0.0,2
2012-03-01 09:00:00,10.0,86,0.0,2
2012-03-01 10:00:00,11.2,77,0.0,2
2012-03-01 11:00:00,12.7,68,0.0,2
2012-03-01 12:00:00,14.9,54,0.0,1
2012-03-01 13:00:00,16.4,47,0.0,1
2012-03-01 14:00:00,17.0,43,0.0,2
2012-03-01 15:00:00,17.3,42,0.0,2
2012-03-01 16:00:00,16.5,47,0.0,1
2012-03-01 17:00:00,15.2,52,0.0,0
2012-03-01 18:00:00,14.1,55,0.0,0
2012-03-01 19:00:00,12.9,61,0.0,0
2012-03-01 20:00:00,11.7,68,0.0,0
2012-03-01 21:00:00,10.6,74,0.0,0
2012-03-01 22:00:00,9.4,78,0.0,0
2012-03-01 23:00:00,8.6,77,0.0,0
2012-03-02 00:00:00,8.2,74,0.0,0
2012-03-02 01:00:00,7.6,73,0.0,0
2012-03-02 02:00:00,6.6,77,0.0,0
2012-03-02 03:00:00,5.5,82,0.0,0
2012-03-02 04:00:00,4.8,84,0.0,0
2012-03-02 05:00:00,4.4,84,0.0,0
2012-03-02 06:00:00,4.3,83,0.0,0
2012-03-02 07:00:00,4.3,81,0.0,0
2012-03-02 08:00:00,4.9,78,0.0,0
2012-03-02 09:00:00,9.3,58,0.0,0
2012-03-02 10:00:00,14.0,32,0.0,0
2012-03-02 11:00:00,17.0,16,0.0,0
2012-03-02 12:00:00,19.2,14,0.0,0
2012-03-02 13:00:00,21.0,11,0.0,0
2012-03-02 14:00:00,22.2,9,0.0,0
2012-03-02 15:00:00,22.7,8,0.0,0
2012-03-02 16:00:00,22.7,7,0.0,0
2012-03-02 17:00:00,22.1,7,0.0,0
2012-03-02 18:00:00,20.9,8,0.0,0
2012-03-02 19:00:00,18.9,10,0.0,0
2012-03-02 20:00:00,15.8,15,0.0,0
2012-03-02 21:00:00,12.6,23,0.0,0
2012-03-02 22:00:00,10.6,27,0.0,0
2012-03-02 23:00:00,9.2,30,0.0,0
2012-03-03 00:00:00,8.9,32,0.0,0
2012-03-03 01:00:00,8.1,34,0.0,0
2012-03-03 02:00:00,7.4,35,0.0,0
2012-03-03 03:00:00,6.8,36,0.0,0
2012-03-03 04:00:00,6.3,36,0.0,0
2012-03-03 05:00:00,6.0,36,0.0,0
2012-03-03 06:00:00,5.7,36,0.0,0
2012-03-03 07:00:00,5.4,36,0.0,0
2012-03-03 08:00:00,5.9,35,0.0,0
2012-03-03 09:00:00,10.7,31,0.0,0
2012-03-03 10:00:00,17.3,16,0.0,0
2012-03-03 11:00:00,21.1,10,0.0,0
2012-03-03 12:00:00,23.0,10,0.0,0
2012-03-03 13:00:00,24.9,9,0.0,0
2012-03-03 14:00:00,26.1,9,0.0,0
2012-03-03 15:00:00,26.7,9,0.0,0
2012-03-03 16:00:00,26.8,9,0.0,0
2012-03-03 17:00:00,26.3,9,0.0,0
2012-03-03 18:00:00,25.1,12,0.0,0
2012-03-03 19:00:00,22.9,18,0.0,0
2012-03-03 20:00:00,19.5,23,0.0,0
2012-03-03 21:00:00,16.5,27,0.0,0
2012-03-03 22:00:00,13.7,34,0.0,0
2012-03-03 23:00:00,13.1,32,0.0,0
2012-03-04 00:00:00,12.8,31,0.0,0
2012-03-04 01:00:00,11.9,30,0.0,0
2012-03-04 02:00:00,11.2,30,0.0,0
2012-03-04 03:00:00,10.6,29,0.0,0
2012-03-04 04:00:00,10.1,29,0.0,0
2012-03-04 05:00:00,9.7,29,0.0,0
2012-03-04 06:00:00,9.4,30,0.0,0
2012-03-04 07:00:00,9.2,30,0.0,0
2012-03-04 08:00:00,9.7,30,0.0,0
2012-03-04 09:00:00,14.5,26,0.0,0
2012-03-04 10:00:00,21.3,15,0.0,0
2012-03-04 11:00:00,25.4,11,0.0,0
2012-03-04 12:00:00,28.0,9,0.0,0
2012-03-04 13:00:00,29.8,9,0.0,0
2012-03-04 14:00:00,30.9,8,0.0,0
2012-03-04 15:00:00,31.4,8,0.0,0
2012-03-04 16:00:00,31.2,8,0.0,0
2012-03-04 17:00:00,30.2,9,0.0,0
2012-03-04 18:00:00,28.4,10,0.0,0
2012-03-04 19:00:00,25.7,13,0.0,0
2012-03-04 20:00:00,23.6,17,0.0,0
2012-03-04 21:00:00,20.6,22,0.0,1
2012-03-04 22:00:00,17.9,25,0.0,3
2012-03-04 23:00:00,15.3,30,0.0,3
2012-03-05 00:00:00,14.7,33,0.0,3
2012-03-05 01:00:00,13.8,35,0.0,3
2012-03-05 02:00:00,12.9,37,0.0,3
2012-03-05 03:00:00,12.4,37,0.0,3
2012-03-05 04:00:00,11.9,38,0.0,3
2012-03-05 05:00:00,11.6,39,0.0,3
2012-03-05 06:00:00,11.5,38,0.0,3
2012-03-05 07:00:00,11.2,39,0.0,3
2012-03-05 08:00:00,11.8,38,0.0,3
2012-03-05 09:00:00,15.8,33,0.0,3
2012-03-05 10:00:00,22.0,22,0.0,3
2012-03-05 11:00:00,25.6,16,0.0,3
2012-03-05 12:00:00,27.0,14,0.0,3
2012-03-05 13:00:00,27.9,14,0.0,3
2012-03-05 14:00:00,28.3,14,0.0,3
2012-03-05 15:00:00,27.9,15,0.0,3
2012-03-05 16:00:00,27.2,16,0.0,3
2012-03-05 17:00:00,26.0,19,0.0,3
2012-03-05 18:00:00,23.7,22,0.0,3
2012-03-05 19:00:00,21.4,28,0.0,2
2012-03-05 20:00:00,19.4,35,0.0,1
2012-03-05 21:00:00,17.3,42,0.0,1
2012-03-05 22:00:00,15.7,48,0.0,2
2012-03-05 23:00:00,14.3,53,0.0,1
2012-03-06 00:00:00,14.3,49,0.0,0
2012-03-06 01:00:00,13.5,50,0.0,0
2012-03-06 02:00:00,12.7,53,0.0,0
2012-03-06 03:00:00,13.4,50,0.0,2
2012-03-06 04:00:00,12.4,53,0.0,2
2012-03-06 05:00:00,8.8,66,0.0,2
2012-03-06 06:00:00,8.8,66,0.0,2
2012-03-06 07:00:00,8.9,64,0.0,2
2012-03-06 08:00:00,9.7,64,0.0,2
2012-03-06 09:00:00,12.8,59,0.0,2
2012-03-06 10:00:00,14.1,58,0.0,3
2012-03-06 11:00:00,15.4,55,0.0,2
2012-03-06 12:00:00,15.7,52,0.0,2
2012-03-06 13:00:00,16.5,50,0.0,2
2012-03-06 14:00:00,16.9,49,0.0,0
2012-03-06 15:00:00,17.0,49,0.0,3
2012-03-06 16:00:00,16.2,48,0.0,1
2012-03-06 17:00:00,15.6,48,0.0,1
2012-03-06 18:00:00,15.0,50,0.0,0
2012-03-06 19:00:00,13.5,55,0.0,0
2012-03-06 20:00:00,12.5,59,0.0,0
2012-03-06 21:00:00,11.6,62,0.0,0
2012-03-06 22:00:00,10.6,63,0.0,0
2012-03-06 23:00:00,9.4,66,0.0,0
2012-03-07 00:00:00,8.2,73,0.0,0
2012-03-07 01:00:00,7.2,67,0.0,0
2012-03-07 02:00:00,6.6,56,0.0,0
2012-03-07 03:00:00,6.0,49,0.0,0
2012-03-07 04:00:00,5.2,47,0.0,0
2012-03-07 05:00:00,4.9,44,0.0,0
2012-03-07 06:00:00,5.0,41,0.0,0
2012-03-07 07:00:00,4.7,42,0.0,0
2012-03-07 08:00:00,4.8,44,0.0,0
2012-03-07 09:00:00,9.1,31,0.0,0
2012-03-07 10:00:00,11.9,19,0.0,0
2012-03-07 11:00:00,14.0,13,0.0,0
2012-03-07 12:00:00,14.9,10,0.0,0
2012-03-07 13:00:00,16.6,9,0.0,0
2012-03-07 14:00:00,18.1,8,0.0,0
2012-03-07 15:00:00,19.2,8,0.0,0
2012-03-07 16:00:00,19.9,8,0.0,0
2012-03-07 17:00:00,19.8,9,0.0,0
2012-03-07 18:00:00,18.4,11,0.0,0
2012-03-07 19:00:00,15.6,17,0.0,0
2012-03-07 20:00:00,13.5,23,0.0,0
2012-03-07 21:00:00,12.1,27,0.0,0
2012-03-07 22:00:00,10.3,30,0.0,0
2012-03-07 23:00:00,8.6,31,0.0,0
2012-03-08 00:00:00,7.5,34,0.0,0
2012-03-08 01:00:00,6.8,32,0.0,0
2012-03-08 02:00:00,6.3,31,0.0,0
2012-03-08 03:00:00,5.8,30,0.0,0
2012-03-08 04:00:00,5.3,30,0.0,0
2012-03-08 05:00:00,4.9,31,0.0,0
2012-03-08 06:00:00,4.5,31,0.0,0
2012-03-08 07:00:00,4.3,31,0.0,0
2012-03-08 08:00:00,5.1,29,0.0,0
2012-03-08 09:00:00,10.6,22,0.0,0
2012-03-08 10:00:00,16.8,11,0.0,0
2012-03-08 11:00:00,20.1,9,0.0,0
2012-03-08 12:00:00,22.2,8,0.0,0
2012-03-08 13:00:00,24.0,7,0.0,0
2012-03-08 14:00:00,25.2,7,0.0,0
2012-03-08 15:00:00,26.0,6,0.0,0
2012-03-08 16:00:00,26.1,7,0.0,0
2012-03-08 17:00:00,25.4,7,0.0,0
2012-03-08 18:00:00,24.2,9,0.0,0
2012-03-08 19:00:00,21.7,12,0.0,0
2012-03-08 20:00:00,20.0,14,0.0,0
2012-03-08 21:00:00,16.7,18,0.0,0
2012-03-08 22:00:00,14.2,19,0.0,0
2012-03-08 23:00:00,12.5,19,0.0,0
2012-03-09 00:00:00,11.8,21,0.0,0
2012-03-09 01:00:00,11.3,21,0.0,0
2012-03-09 02:00:00,10.8,21,0.0,0
2012-03-09 03:00:00,10.2,21,0.0,0
2012-03-09 04:00:00,9.6,21,0.0,0
2012-03-09 05:00:00,9.0,21,0.0,0
2012-03-09 06:00:00,8.6,22,0.0,0
2012-03-09 07:00:00,8.4,22,0.0,0
2012-03-09 08:00:00,9.3,22,0.0,0
2012-03-09 09:00:00,14.8,16,0.0,0
2012-03-09 10:00:00,21.6,10,0.0,0
2012-03-09 11:00:00,25.2,8,0.0,0
2012-03-09 12:00:00,26.7,7,0.0,0
2012-03-09 13:00:00,28.1,7,0.0,0
2012-03-09 14:00:00,29.1,6,0.0,0
2012-03-09 15:00:00,29.6,6,0.0,0
2012-03-09 16:00:00,29.4,6,0.0,0
2012-03-09 17:00:00,28.3,7,0.0,0
2012-03-09 18:00:00,25.9,9,0.0,0
2012-03-09 19:00:00,23.1,12,0.0,0
2012-03-09 20:00:00,21.1,14,0.0,0
2012-03-09 21:00:00,18.9,16,0.0,0
2012-03-09 22:00:00,16.5,19,0.0,0
2012-03-09 23:00:00,14.1,21,0.0,0
2012-03-10 00:00:00,12.6,22,0.0,0
2012-03-10 01:00:00,11.4,23,0.0,0
2012-03-10 02:00:00,10.6,25,0.0,0
2012-03-10 03:00:00,10.0,27,0.0,0
2012-03-10 04:00:00,9.5,28,0.0,0
2012-03-10 05:00:00,8.9,30,0.0,0
2012-03-10 06:00:00,8.4,33,0.0,0
2012-03-10 07:00:00,8.2,34,0.0,0
2012-03-10 08:00:00,9.3,33,0.0,0
2012-03-10 09:00:00,16.1,25,0.0,0
2012-03-10 10:00:00,20.1,17,0.0,0
2012-03-10 11:00:00,22.3,16,0.0,0
2012-03-10 12:00:00,23.8,14,0.0,0
2012-03-10 13:00:00,24.8,14,0.0,1
2012-03-10 14:00:00,25.1,16,0.0,1
2012-03-10 15:00:00,24.4,20,0.0,1
2012-03-10 16:00:00,23.4,23,0.0,1
2012-03-10 17:00:00,22.2,27,0.0,1
2012-03-10 18:00:00,19.5,33,0.0,2
2012-03-10 19:00:00,17.4,42,0.0,2
2012-03-10 20:00:00,15.6,50,0.0,2
2012-03-10 21:00:00,14.3,58,0.0,1
2012-03-10 22:00:00,12.9,66,0.0,2
2012-03-10 23:00:00,11.9,72,0.0,3
2012-03-11 00:00:00,11.1,74,0.0,3
2012-03-11 01:00:00,10.0,81,0.0,3
2012-03-11 02:00:00,9.2,86,0.0,3
2012-03-11 03:00:00,8.9,88,0.0,2
2012-03-11 04:00:00,8.6,89,0.0,2
2012-03-11 05:00:00,8.4,89,0.0,2
2012-03-11 06:00:00,8.2,88,0.0,2
2012-03-11 07:00:00,8.2,87,0.0,2
2012-03-11 08:00:00,9.7,78,0.0,2
2012-03-11 09:00:00,11.4,69,0.0,2
2012-03-11 10:00:00,13.1,57,0.0,2
2012-03-11 11:00:00,14.4,51,0.0,1
2012-03-11 12:00:00,15.8,46,0.0,0
2012-03-11 13:00:00,17.1,42,0.0,0
2012-03-11 14:00:00,18.3,39,0.0,0
2012-03-11 15:00:00,18.3,41,0.0,0
2012-03-11 16:00:00,17.5,45,0.0,0
2012-03-11 17:00:00,16.3,50,0.0,0
2012-03-11 18:00:00,14.7,57,0.0,0
2012-03-11 19:00:00,13.0,66,0.0,0
2012-03-11 20:00:00,11.8,72,0.0,1
2012-03-11 21:00:00,11.0,78,0.0,1
2012-03-11 22:00:00,10.1,83,0.0,1
2012-03-11 23:00:00,9.4,89,0.0,1
2012-03-12 00:00:00,9.9,84,0.0,1
2012-03-12 01:00:00,9.4,86,0.0,1
2012-03-12 02:00:00,9.0,87,0.0,1
2012-03-12 03:00:00,8.7,88,0.0,1
2012-03-12 04:00:00,8.3,88,0.0,1
2012-03-12 05:00:00,7.7,90,0.0,1
2012-03-12 06:00:00,7.3,91,0.0,1
2012-03-12 07:00:00,7.0,91,0.0,2
2012-03-12 08:00:00,8.1,85,0.0,2
2012-03-12 09:00:00,11.1,70,0.0,3
2012-03-12 10:00:00,12.7,61,0.0,3
2012-03-12 11:00:00,14.4,53,0.0,3
2012-03-12 12:00:00,16.3,46,0.0,3
2012-03-12 13:00:00,17.7,41,0.0,3
2012-03-12 14:00:00,18.7,39,0.0,2
2012-03-12 15:00:00,19.2,38,0.0,1
2012-03-12 16:00:00,18.8,40,0.0,0
2012-03-12 17:00:00,17.9,43,0.0,0
2012-03-12 18:00:00,16.6,49,0.0,0
2012-03-12 19:00:00,14.5,59,0.0,1
2012-03-12 20:00:00,12.9,67,0.0,0
2012-03-12 21:00:00,11.8,74,0.0,0
2012-03-12 22:00:00,10.7,81,0.0,0
2012-03-12 23:00:00,9.6,88,0.0,0
2012-03-13 00:00:00,9.9,82,0.0,0
2012-03-13 01:00:00,9.2,85,0.0,1
2012-03-13 02:00:00,8.9,85,0.0,1
2012-03-13 03:00:00,8.5,85,0.0,2
2012-03-13 04:00:00,8.2,85,0.0,2
2012-03-13 05:00:00,7.9,85,0.0,2
2012-03-13 06:00:00,7.0,89,0.0,2
2012-03-13 07:00:00,5.8,93,0.0,2
2012-03-13 08:00:00,7.1,86,0.0,2
2012-03-13 09:00:00,11.1,66,0.0,2
2012-03-13 10:00:00,13.5,56,0.0,2
2012-03-13 11:00:00,15.7,47,0.0,2
2012-03-13 12:00:00,16.0,50,0.0,1
2012-03-13 13:00:00,17.5,45,0.0,1
2012-03-13 14:00:00,18.6,41,0.0,0
2012-03-13 15:00:00,18.9,40,0.0,0
2012-03-13 16:00:00,18.4,42,0.0,0
2012-03-13 17:00:00,17.3,47,0.0,0
2012-03-13 18:00:00,15.8,53,0.0,0
2012-03-13 19:00:00,14.0,61,0.0,0
2012-03-13 20:00:00,12.8,67,0.0,0
2012-03-13 21:00:00,11.8,72,0.0,0
2012-03-13 22:00:00,10.6,78,0.0,1
2012-03-13 23:00:00,9.7,84,0.0,2
2012-03-14 00:00:00,10.2,81,0.0,2
2012-03-14 01:00:00,10.2,81,0.0,2
2012-03-14 02:00:00,10.0,82,0.0,2
2012-03-14 03:00:00,9.0,86,0.0,2
2012-03-14 04:00:00,8.2,88,0.0,1
2012-03-14 05:00:00,7.4,91,0.0,1
2012-03-14 06:00:00,6.8,93,0.0,1
2012-03-14 07:00:00,6.7,93,0.0,1
2012-03-14 08:00:00,7.9,88,0.0,2
2012-03-14 09:00:00,12.0,68,0.0,2
2012-03-14 10:00:00,14.4,57,0.0,1
2012-03-14 11:00:00,16.7,49,0.0,1
2012-03-14 12:00:00,18.3,45,0.0,0
2012-03-14 13:00:00,19.3,43,0.0,0
2012-03-14 14:00:00,19.7,43,0.0,0
2012-03-14 15:00:00,19.6,45,0.0,0
2012-03-14 16:00:00,19.0,48,0.0,0
2012-03-14 17:00:00,18.0,52,0.0,0
2012-03-14 18:00:00,16.4,58,0.0,0
2012-03-14 19:00:00,14.7,67,0.0,0
2012-03-14 20:00:00,13.5,74,0.0,0
2012-03-14 21:00:00,12.5,80,0.0,0
2012-03-14 22:00:00,11.3,87,0.0,0
2012-03-14 23:00:00,10.5,90,0.0,0
2012-03-15 00:00:00,10.3,90,0.0,0
2012-03-15 01:00:00,9.6,93,0.0,1
2012-03-15 02:00:00,9.2,94,0.0,1
2012-03-15 03:00:00,9.0,95,0.0,3
2012-03-15 04:00:00,8.7,95,0.0,2
2012-03-15 05:00:00,8.6,95,0.0,2
2012-03-15 06:00:00,8.8,93,0.0,1
2012-03-15 07:00:00,9.0,91,0.0,1
2012-03-15 08:00:00,9.7,87,0.0,1
2012-03-15 09:00:00,12.4,74,0.0,2
2012-03-15 10:00:00,14.6,63,0.0,1
2012-03-15 11:00:00,17.2,53,0.0,0
2012-03-15 12:00:00,18.9,48,0.0,0
2012-03-15 13:00:00,19.9,45,0.0,0
2012-03-15 14:00:00,20.5,44,0.0,0
2012-03-15 15:00:00,20.6,45,0.0,0
2012-03-15 16:00:00,20.1,46,0.0,0
2012-03-15 17:00:00,18.8,51,0.0,0
2012-03-15 18:00:00,17.1,57,0.0,1
2012-03-15 19:00:00,15.4,65,0.0,2
2012-03-15 20:00:00,14.2,71,0.0,3
2012-03-15 21:00:00,13.3,76,0.0,3
2012-03-15 22:00:00,12.6,80,0.0,3
2012-03-15 23:00:00,11.8,84,0.0,2
2012-03-16 00:00:00,11.1,86,0.0,2
2012-03-16 01:00:00,10.2,91,0.0,2
2012-03-16 02:00:00,9.7,93,0.0,2
2012-03-16 03:00:00,9.1,94,0.0,2
2012-03-16 04:00:00,8.6,95,0.0,2
2012-03-16 05:00:00,8.5,95,0.0,2
2012-03-16 06:00:00,8.7,95,0.0,2
2012-03-16 07:00:00,8.4,95,0.0,2
2012-03-16 08:00:00,10.2,87,0.0,2
2012-03-16 09:00:00,12.4,78,0.0,3
2012-03-16 10:00:00,13.7,72,0.0,3
2012-03-16 11:00:00,16.2,60,0.0,3
2012-03-16 12:00:00,16.7,62,0.0,3
2012-03-16 13:00:00,17.3,60,0.0,3
2012-03-16 14:00:00,18.1,56,0.0,3
2012-03-16 15:00:00,18.3,56,0.0,3
2012-03-16 16:00:00,16.8,63,0.0,3
2012-03-16 17:00:00,15.5,69,0.0,3
2012-03-16 18:00:00,14.8,74,0.0,3
2012-03-16 19:00:00,13.7,80,0.0,3
2012-03-16 20:00:00,12.7,85,0.0,3
2012-03-16 21:00:00,12.2,88,0.0,3
2012-03-16 22:00:00,12.0,88,0.0,3
2012-03-16 23:00:00,11.8,88,0.0,3
2012-03-17 00:00:00,11.8,89,0.2,51
2012-03-17 01:00:00,11.5,92,0.2,51
2012-03-17 02:00:00,11.2,95,0.5,53
2012-03-17 03:00:00,11.1,95,0.5,53
2012-03-17 04:00:00,11.0,96,0.6,53
2012-03-17 05:00:00,11.0,97,0.8,53
2012-03-17 06:00:00,10.9,96,1.1,55
2012-03-17 07:00:00,10.7,99,1.5,61
2012-03-17 08:00:00,11.0,98,1.9,61
2012-03-17 09:00:00,11.4,97,2.8,63
2012-03-17 10:00:00,11.7,96,3.5,63
2012-03-17 11:00:00,11.9,95,4.8,63
2012-03-17 12:00:00,11.2,97,3.5,63
2012-03-17 13:00:00,10.2,92,2.1,61
2012-03-17 14:00:00,10.4,86,0.5,53
2012-03-17 15:00:00,10.3,77,0.2,51
2012-03-17 16:00:00,10.4,67,0.0,3
2012-03-17 17:00:00,9.9,67,0.0,2
2012-03-17 18:00:00,8.7,71,0.3,51
2012-03-17 19:00:00,7.8,75,0.0,2
2012-03-17 20:00:00,7.0,80,0.3,51
2012-03-17 21:00:00,6.3,84,0.4,51
2012-03-17 22:00:00,5.7,88,0.4,51
2012-03-17 23:00:00,5.7,91,0.2,51
2012-03-18 00:00:00,5.9,90,0.2,51
2012-03-18 01:00:00,5.5,94,0.2,51
2012-03-18 02:00:00,5.7,92,0.1,51
2012-03-18 03:00:00,5.5,93,0.0,2
2012-03-18 04:00:00,5.1,94,0.0,1
2012-03-18 05:00:00,4.8,94,0.0,1
2012-03-18 06:00:00,4.9,94,0.0,2
2012-03-18 07:00:00,4.3,96,0.0,1
2012-03-18 08:00:00,5.5,93,0.0,1
2012-03-18 09:00:00,6.9,83,0.0,0
2012-03-18 10:00:00,8.3,78,0.0,1
2012-03-18 11:00:00,9.8,71,0.0,1
2012-03-18 12:00:00,11.1,67,0.0,1
2012-03-18 13:00:00,12.0,59,0.0,1
2012-03-18 14:00:00,11.7,52,0.1,51
2012-03-18 15:00:00,12.2,48,0.1,51
2012-03-18 16:00:00,12.0,48,0.0,1
2012-03-18 17:00:00,11.2,52,0.0,0
2012-03-18 18:00:00,9.9,60,0.0,0
2012-03-18 19:00:00,8.5,68,0.0,1
2012-03-18 20:00:00,7.5,71,0.0,0
2012-03-18 21:00:00,6.7,74,0.0,0
2012-03-18 22:00:00,5.9,79,0.0,0
2012-03-18 23:00:00,5.9,77,0.0,1
2012-03-19 00:00:00,5.9,80,0.0,2
2012-03-19 01:00:00,5.9,78,0.0,3
2012-03-19 02:00:00,5.4,81,0.0,3
2012-03-19 03:00:00,4.8,85,0.0,3
2012-03-19 04:00:00,4.7,86,0.0,3
2012-03-19 05:00:00,4.2,88,0.0,3
2012-03-19 06:00:00,3.9,89,0.0,3
2012-03-19 07:00:00,3.9,88,0.0,2
2012-03-19 08:00:00,5.3,83,0.0,2
2012-03-19 09:00:00,8.2,61,0.0,0
2012-03-19 10:00:00,10.2,52,0.0,0
2012-03-19 11:00:00,11.8,45,0.0,0
2012-03-19 12:00:00,12.8,41,0.0,0
2012-03-19 13:00:00,14.1,38,0.0,1
2012-03-19 14:00:00,14.9,38,0.0,0
2012-03-19 15:00:00,15.0,40,0.0,1
2012-03-19 16:00:00,14.3,47,0.0,1
2012-03-19 17:00:00,12.9,56,0.0,1
2012-03-19 18:00:00,11.2,62,0.0,0
2012-03-19 19:00:00,9.9,67,0.0,0
2012-03-19 20:00:00,9.1,71,0.0,0
2012-03-19 21:00:00,7.9,80,0.0,0
2012-03-19 22:00:00,6.9,86,0.0,0
2012-03-19 23:00:00,6.2,89,0.0,0
2012-03-20 00:00:00,6.1,86,0.0,0
2012-03-20 01:00:00,5.6,88,0.0,0
2012-03-20 02:00:00,5.3,88,0.0,0
2012-03-20 03:00:00,5.0,86,0.0,0
2012-03-20 04:00:00,4.8,83,0.0,0
2012-03-20 05:00:00,4.5,81,0.0,1
2012-03-20 06:00:00,4.3,80,0.0,0
2012-03-20 07:00:00,4.2,78,0.0,0
2012-03-20 08:00:00,5.7,77,0.0,0
2012-03-20 09:00:00,10.8,57,0.0,0
2012-03-20 10:00:00,13.7,41,0.0,0
2012-03-20 11:00:00,15.7,38,0.0,1
2012-03-20 12:00:00,17.2,39,0.0,0
2012-03-20 13:00:00,18.5,38,0.0,0
2012-03-20 14:00:00,19.4,38,0.0,0
2012-03-20 15:00:00,19.8,40,0.0,0
2012-03-20 16:00:00,19.4,42,0.0,0
2012-03-20 17:00:00,18.2,48,0.0,0
2012-03-20 18:00:00,16.6,53,0.0,0
2012-03-20 19:00:00,14.8,61,0.0,0
2012-03-20 20:00:00,13.6,66,0.0,0
2012-03-20 21:00:00,12.1,75,0.0,0
2012-03-20 22:00:00,10.9,78,0.0,0
2012-03-20 23:00:00,9.8,83,0.0,0
2012-03-21 00:00:00,9.2,84,0.0,0
2012-03-21 01:00:00,8.6,86,0.0,1
2012-03-21 02:00:00,8.2,86,0.0,1
2012-03-21 03:00:00,7.9,86,0.0,1
2012-03-21 04:00:00,7.6,86,0.0,0
2012-03-21 05:00:00,7.2,87,0.0,0
2012-03-21 06:00:00,6.8,87,0.0,0
2012-03-21 07:00:00,6.5,88,0.0,0
2012-03-21 08:00:00,8.5,85,0.0,0
2012-03-21 09:00:00,14.8,67,0.0,0
2012-03-21 10:00:00,18.3,45,0.0,0
2012-03-21 11:00:00,20.2,42,0.0,0
2012-03-21 12:00:00,21.7,39,0.0,0
2012-03-21 13:00:00,22.8,38,0.0,0
2012-03-21 14:00:00,23.4,38,0.0,0
2012-03-21 15:00:00,23.4,39,0.0,1
2012-03-21 16:00:00,22.7,41,0.0,1
2012-03-21 17:00:00,21.4,44,0.0,0
2012-03-21 18:00:00,19.6,48,0.0,0
2012-03-21 19:00:00,17.6,56,0.0,0
2012-03-21 20:00:00,15.9,70,0.0,0
2012-03-21 21:00:00,14.6,70,0.0,0
2012-03-21 22:00:00,13.3,77,0.0,0
2012-03-21 23:00:00,12.2,82,0.0,0
2012-03-22 00:00:00,11.4,89,0.0,0
2012-03-22 01:00:00,11.2,89,0.0,0
2012-03-22 02:00:00,10.9,88,0.0,0
2012-03-22 03:00:00,10.7,87,0.0,0
2012-03-22 04:00:00,10.4,87,0.0,0
2012-03-22 05:00:00,9.8,87,0.0,0
2012-03-22 06:00:00,9.2,89,0.0,0
2012-03-22 07:00:00,9.0,88,0.0,1
2012-03-22 08:00:00,11.5,83,0.0,0
2012-03-22 09:00:00,16.2,66,0.0,0
2012-03-22 10:00:00,18.3,58,0.0,0
2012-03-22 11:00:00,19.8,53,0.0,0
2012-03-22 12:00:00,20.8,48,0.0,0
2012-03-22 13:00:00,21.6,46,0.0,0
2012-03-22 14:00:00,22.1,45,0.0,0
2012-03-22 15:00:00,22.2,44,0.0,0
2012-03-22 16:00:00,21.7,46,0.0,0
2012-03-22 17:00:00,20.3,51,0.0,0
2012-03-22 18:00:00,18.4,58,0.0,0
2012-03-22 19:00:00,16.5,68,0.0,0
2012-03-22 20:00:00,14.7,77,0.0,0
2012-03-22 21:00:00,13.5,84,0.0,0
2012-03-22 22:00:00,12.3,90,0.0,0
2012-03-22 23:00:00,11.3,93,0.0,0
2012-03-23 00:00:00,10.6,94,0.0,1
2012-03-23 01:00:00,10.2,96,0.0,2
2012-03-23 02:00:00,10.3,96,0.0,3
2012-03-23 03:00:00,10.4,95,0.0,3
2012-03-23 04:00:00,10.9,91,0.0,3
2012-03-23 05:00:00,10.7,91,0.0,3
2012-03-23 06:00:00,10.5,92,0.0,3
2012-03-23 07:00:00,10.3,91,0.0,3
2012-03-23 08:00:00,11.2,87,0.0,3
2012-03-23 09:00:00,12.3,78,0.0,3
2012-03-23 10:00:00,13.9,70,0.0,2
2012-03-23 11:00:00,15.9,60,0.0,2
2012-03-23 12:00:00,16.8,58,0.0,1
2012-03-23 13:00:00,18.2,53,0.0,2
2012-03-23 14:00:00,18.8,50,0.0,3
2012-03-23 15:00:00,18.8,51,0.0,3
2012-03-23 16:00:00,18.0,55,0.0,3
2012-03-23 17:00:00,17.3,57,0.0,3
2012-03-23 18:00:00,16.5,60,0.0,3
2012-03-23 19:00:00,15.2,67,0.0,3
2012-03-23 20:00:00,13.6,75,0.0,3
2012-03-23 21:00:00,12.4,83,0.0,3
2012-03-23 22:00:00,11.5,86,0.0,3
2012-03-23 23:00:00,11.5,85,0.0,3
2012-03-24 00:00:00,10.6,89,0.0,3
2012-03-24 01:00:00,10.9,87,0.0,3
2012-03-24 02:00:00,10.7,87,0.0,3
2012-03-24 03:00:00,10.2,88,0.0,3
2012-03-24 04:00:00,9.6,90,0.0,3
2012-03-24 05:00:00,8.9,92,0.0,3
2012-03-24 06:00:00,8.8,92,0.0,2
2012-03-24 07:00:00,9.0,92,0.0,3
2012-03-24 08:00:00,10.5,89,0.0,3
2012-03-24 09:00:00,11.9,80,0.0,3
2012-03-24 10:00:00,13.4,71,0.0,3
2012-03-24 11:00:00,14.7,62,0.0,2
2012-03-24 12:00:00,16.5,55,0.0,1
2012-03-24 13:00:00,17.7,48,0.0,1
2012-03-24 14:00:00,18.6,44,0.0,1
2012-03-24 15:00:00,18.4,44,0.0,1
2012-03-24 16:00:00,18.0,45,0.0,1
2012-03-24 17:00:00,16.8,49,0.0,0
2012-03-24 18:00:00,15.8,55,0.0,0
2012-03-24 19:00:00,13.9,65,0.0,0
2012-03-24 20:00:00,12.4,74,0.0,0
2012-03-24 21:00:00,11.3,81,0.0,0
2012-03-24 22:00:00,10.1,90,0.0,0
2012-03-24 23:00:00,9.1,93,0.0,0
2012-03-25 00:00:00,8.8,93,0.0,0
2012-03-25 01:00:00,8.2,94,0.0,0
2012-03-25 02:00:00,7.9,94,0.0,0
2012-03-25 03:00:00,7.8,93,0.0,1
2012-03-25 04:00:00,7.9,92,0.0,1
2012-03-25 05:00:00,8.2,91,0.0,1
2012-03-25 06:00:00,8.7,88,0.0,1
2012-03-25 07:00:00,9.0,87,0.0,2
2012-03-25 08:00:00,10.0,81,0.0,3
2012-03-25 09:00:00,11.4,69,0.0,3
2012-03-25 10:00:00,12.8,63,0.3,51
2012-03-25 11:00:00,13.7,64,0.7,53
2012-03-25 12:00:00,12.0,76,1.6,61
2012-03-25 13:00:00,11.1,92,2.8,63
2012-03-25 14:00:00,10.8,96,4.1,63
2012-03-25 15:00:00,10.7,96,3.8,63
2012-03-25 16:00:00,10.8,94,4.2,63
2012-03-25 17:00:00,10.3,85,1.5,61
2012-03-25 18:00:00,9.6,91,0.5,53
2012-03-25 19:00:00,8.8,91,0.8,53
2012-03-25 20:00:00,8.1,92,1.3,61
2012-03-25 21:00:00,7.8,94,0.6,53
2012-03-25 22:00:00,7.7,96,0.7,53
2012-03-25 23:00:00,8.0,97,0.7,53
2012-03-26 00:00:00,7.4,96,0.5,53
2012-03-26 01:00:00,7.1,95,0.2,51
2012-03-26 02:00:00,7.2,96,0.0,2
2012-03-26 03:00:00,7.5,95,0.0,1
2012-03-26 04:00:00,7.4,93,0.0,2
2012-03-26 05:00:00,7.5,93,0.0,2
2012-03-26 06:00:00,7.4,92,0.0,2
2012-03-26 07:00:00,7.2,93,0.0,3
2012-03-26 08:00:00,8.6,93,0.0,1
2012-03-26 09:00:00,10.9,80,0.0,2
2012-03-26 10:00:00,12.0,70,0.0,2
2012-03-26 11:00:00,13.1,63,0.0,3
2012-03-26 12:00:00,14.0,65,0.0,3
2012-03-26 13:00:00,14.3,63,0.0,3
2012-03-26 14:00:00,14.8,61,0.0,3
2012-03-26 15:00:00,15.1,60,0.0,2
2012-03-26 16:00:00,15.0,59,0.0,0
2012-03-26 17:00:00,15.1,59,0.0,1
2012-03-26 18:00:00,14.2,63,0.0,1
2012-03-26 19:00:00,12.5,74,0.0,2
2012-03-26 20:00:00,11.0,83,0.0,2
2012-03-26 21:00:00,9.9,89,0.0,2
2012-03-26 22:00:00,8.6,93,0.0,2
2012-03-26 23:00:00,7.7,94,0.0,1
2012-03-27 00:00:00,7.9,94,0.0,0
2012-03-27 01:00:00,7.1,95,0.0,0
2012-03-27 02:00:00,6.5,95,0.0,1
2012-03-27 03:00:00,6.0,96,0.0,2
2012-03-27 04:00:00,5.5,95,0.0,2
2012-03-27 05:00:00,5.2,95,0.0,2
2012-03-27 06:00:00,5.0,95,0.0,2
2012-03-27 07:00:00,5.0,95,0.0,2
2012-03-27 08:00:00,7.9,90,0.0,2
2012-03-27 09:00:00,11.8,74,0.0,2
2012-03-27 10:00:00,13.7,68,0.0,2
2012-03-27 11:00:00,15.1,63,0.0,2
2012-03-27 12:00:00,16.5,56,0.0,2
2012-03-27 13:00:00,17.2,55,0.0,0
2012-03-27 14:00:00,17.6,54,0.0,0
2012-03-27 15:00:00,17.6,54,0.0,0
2012-03-27 16:00:00,17.3,55,0.0,0
2012-03-27 17:00:00,16.6,56,0.0,0
2012-03-27 18:00:00,15.4,60,0.0,0
2012-03-27 19:00:00,13.6,69,0.0,0
2012-03-27 20:00:00,11.9,77,0.0,1
2012-03-27 21:00:00,10.5,87,0.0,1
2012-03-27 22:00:00,9.4,89,0.0,2
2012-03-27 23:00:00,8.9,89,0.0,2
2012-03-28 00:00:00,8.6,89,0.0,2
2012-03-28 01:00:00,8.0,90,0.0,2
2012-03-28 02:00:00,7.2,91,0.0,1
2012-03-28 03:00:00,6.7,91,0.0,3
2012-03-28 04:00:00,6.2,91,0.0,3
2012-03-28 05:00:00,5.9,91,0.0,3
2012-03-28 06:00:00,5.7,91,0.0,3
2012-03-28 07:00:00,5.8,90,0.0,3
2012-03-28 08:00:00,8.1,86,0.0,3
2012-03-28 09:00:00,12.4,63,0.0,3
2012-03-28 10:00:00,14.4,57,0.0,3
2012-03-28 11:00:00,15.8,56,0.0,3
2012-03-28 12:00:00,17.3,56,0.0,3
2012-03-28 13:00:00,18.2,56,0.0,3
2012-03-28 14:00:00,18.8,57,0.0,3
2012-03-28 15:00:00,18.9,57,0.0,3
2012-03-28 16:00:00,18.4,60,0.0,3
2012-03-28 17:00:00,17.7,66,0.0,3
2012-03-28 18:00:00,16.4,74,0.0,2
2012-03-28 19:00:00,15.0,82,0.0,0
2012-03-28 20:00:00,13.7,89,0.0,0
2012-03-28 21:00:00,12.6,94,0.0,0
2012-03-28 22:00:00,11.5,96,0.0,1
2012-03-28 23:00:00,10.9,96,0.0,1
2012-03-29 00:00:00,11.3,98,0.0,1
2012-03-29 01:00:00,12.0,95,0.0,3
2012-03-29 02:00:00,11.9,96,0.0,3
2012-03-29 03:00:00,11.9,97,0.0,3
2012-03-29 04:00:00,12.0,96,0.0,3
2012-03-29 05:00:00,11.9,97,0.0,3
2012-03-29 06:00:00,11.6,97,0.0,3
2012-03-29 07:00:00,11.2,98,0.0,3
2012-03-29 08:00:00,12.4,93,0.0,2
2012-03-29 09:00:00,13.6,85,0.0,2
2012-03-29 10:00:00,15.3,78,0.0,2
2012-03-29 11:00:00,16.7,73,0.0,3
2012-03-29 12:00:00,18.7,61,0.0,3
2012-03-29 13:00:00,19.7,60,0.0,3
2012-03-29 14:00:00,20.0,61,0.0,3
2012-03-29 15:00:00,19.6,63,0.0,3
2012-03-29 16:00:00,18.6,68,0.0,3
2012-03-29 17:00:00,17.8,70,0.0,2
2012-03-29 18:00:00,16.7,72,0.0,1
2012-03-29 19:00:00,15.6,76,0.0,0
2012-03-29 20:00:00,14.2,83,0.0,1
2012-03-29 21:00:00,13.1,89,0.0,1
2012-03-29 22:00:00,12.3,93,0.0,0
2012-03-29 23:00:00,11.8,95,0.0,2
2012-03-30 00:00:00,11.3,96,0.0,3
2012-03-30 01:00:00,10.8,96,0.0,3
2012-03-30 02:00:00,10.5,96,0.0,3
2012-03-30 03:00:00,10.2,95,0.0,3
2012-03-30 04:00:00,10.0,94,0.0,2
2012-03-30 05:00:00,9.5,93,0.0,1
2012-03-30 06:00:00,9.2,93,0.0,0
2012-03-30 07:00:00,8.9,93,0.0,0
2012-03-30 08:00:00,11.6,88,0.0,1
2012-03-30 09:00:00,15.6,66,0.0,1
2012-03-30 10:00:00,17.3,63,0.0,1
2012-03-30 11:00:00,18.9,61,0.0,2
2012-03-30 12:00:00,19.1,62,0.0,3
2012-03-30 13:00:00,19.8,62,0.0,3
2012-03-30 14:00:00,20.2,62,0.0,3
2012-03-30 15:00:00,20.2,62,0.0,3
2012-03-30 16:00:00,19.8,63,0.0,3
2012-03-30 17:00:00,19.1,65,0.0,3
2012-03-30 18:00:00,17.9,69,0.0,3
2012-03-30 19:00:00,16.2,77,0.0,3
2012-03-30 20:00:00,14.7,85,0.0,3
2012-03-30 21:00:00,13.6,91,0.0,3
2012-03-30 22:00:00,12.6,95,0.0,0
2012-03-30 23:00:00,12.3,95,0.0,0
2012-03-31 00:00:00,11.3,97,0.0,2
2012-03-31 01:00:00,10.6,98,0.0,2
2012-03-31 02:00:00,10.6,98,0.0,2
2012-03-31 03:00:00,10.5,98,0.0,2
2012-03-31 04:00:00,10.7,99,0.0,3
2012-03-31 05:00:00,10.5,99,0.0,3
2012-03-31 06:00:00,10.7,98,0.0,3
2012-03-31 07:00:00,10.1,99,0.0,3
2012-03-31 08:00:00,11.4,94,0.0,3
2012-03-31 09:00:00,12.5,84,0.0,3
2012-03-31 10:00:00,13.4,78,0.0,3
2012-03-31 11:00:00,14.1,75,0.0,3
2012-03-31 12:00:00,15.4,69,0.1,51
2012-03-31 13:00:00,15.5,67,0.0,3
2012-03-31 14:00:00,15.6,67,0.0,2
2012-03-31 15:00:00,16.2,64,0.0,3
2012-03-31 16:00:00,16.1,63,0.0,3
2012-03-31 17:00:00,15.3,65,0.0,3
2012-03-31 18:00:00,15.0,72,0.0,3
2012-03-31 19:00:00,13.7,81,0.1,51
2012-03-31 20:00:00,13.0,89,0.5,53
2012-03-31 21:00:00,12.3,96,1.0,55
2012-03-31 22:00:00,12.1,96,0.6,53
2012-03-31 23:00:00,11.8,95,0.0,3
2012-04-01 00:00:00,11.0,96,0.1,51
2012-04-01 01:00:00,10.0,95,0.0,1
2012-04-01 02:00:00,9.1,95,0.0,0
2012-04-01 03:00:00,8.9,94,0.0,1
2012-04-01 04:00:00,8.4,94,0.0,1
2012-04-01 05:00:00,7.9,94,0.0,0
2012-04-01 06:00:00,7.2,96,0.0,0
2012-04-01 07:00:00,6.4,97,0.0,0
2012-04-01 08:00:00,8.7,93,0.0,0
2012-04-01 09:00:00,10.7,80,0.0,0
2012-04-01 10:00:00,12.8,62,0.0,0
2012-04-01 11:00:00,14.9,49,0.0,0
2012-04-01 12:00:00,16.4,41,0.0,1
2012-04-01 13:00:00,17.8,35,0.0,1
2012-04-01 14:00:00,18.6,31,0.0,0
2012-04-01 15:00:00,19.2,29,0.0,0
2012-04-01 16:00:00,19.0,29,0.0,0
2012-04-01 17:00:00,18.4,31,0.0,0
2012-04-01 18:00:00,17.5,33,0.0,0
2012-04-01 19:00:00,15.8,39,0.0,0
2012-04-01 20:00:00,13.9,46,0.0,0
2012-04-01 21:00:00,12.4,52,0.0,0
2012-04-01 22:00:00,11.2,58,0.0,0
2012-04-01 23:00:00,10.4,62,0.0,0
2012-04-02 00:00:00,9.8,68,0.0,0
2012-04-02 01:00:00,9.2,70,0.0,1
2012-04-02 02:00:00,8.7,72,0.0,1
2012-04-02 03:00:00,8.2,74,0.0,3
2012-04-02 04:00:00,7.8,75,0.0,2
2012-04-02 05:00:00,7.5,75,0.0,1
2012-04-02 06:00:00,7.1,75,0.0,1
2012-04-02 07:00:00,7.0,74,0.0,0
2012-04-02 08:00:00,9.5,67,0.0,0
2012-04-02 09:00:00,14.4,49,0.0,0
2012-04-02 10:00:00,18.0,34,0.0,0
2012-04-02 11:00:00,20.5,26,0.0,2
2012-04-02 12:00:00,22.4,21,0.0,3
2012-04-02 13:00:00,23.6,20,0.0,3
2012-04-02 14:00:00,24.5,19,0.0,3
2012-04-02 15:00:00,24.9,19,0.0,3
2012-04-02 16:00:00,24.6,20,0.0,2
2012-04-02 17:00:00,23.6,23,0.0,0
2012-04-02 18:00:00,21.8,30,0.0,0
2012-04-02 19:00:00,19.5,39,0.0,0
2012-04-02 20:00:00,17.6,51,0.0,1
2012-04-02 21:00:00,15.6,55,0.0,2
2012-04-02 22:00:00,13.6,62,0.0,2
2012-04-02 23:00:00,11.7,71,0.0,1
2012-04-03 00:00:00,10.9,80,0.0,0
2012-04-03 01:00:00,10.5,78,0.0,0
2012-04-03 02:00:00,10.0,78,0.0,0
2012-04-03 03:00:00,9.3,78,0.0,0
2012-04-03 04:00:00,8.9,78,0.0,1
2012-04-03 05:00:00,8.6,76,0.0,2
2012-04-03 06:00:00,8.3,75,0.0,3
2012-04-03 07:00:00,8.3,75,0.0,3
2012-04-03 08:00:00,11.7,68,0.0,2
2012-04-03 09:00:00,18.0,47,0.0,3
2012-04-03 10:00:00,21.2,30,0.0,3
2012-04-03 11:00:00,22.9,28,0.0,3
2012-04-03 12:00:00,23.7,25,0.0,3
2012-04-03 13:00:00,24.7,24,0.0,3
2012-04-03 14:00:00,25.1,24,0.0,3
2012-04-03 15:00:00,24.9,25,0.0,2
2012-04-03 16:00:00,24.2,27,0.0,3
2012-04-03 17:00:00,23.1,29,0.0,3
2012-04-03 18:00:00,21.3,33,0.0,3
2012-04-03 19:00:00,19.4,41,0.0,3
2012-04-03 20:00:00,17.7,52,0.0,3
2012-04-03 21:00:00,16.0,57,0.0,3
2012-04-03 22:00:00,14.5,63,0.0,3
2012-04-03 23:00:00,13.0,70,0.0,3
2012-04-04 00:00:00,12.0,75,0.0,3
2012-04-04 01:00:00,11.4,76,0.0,3
2012-04-04 02:00:00,10.9,76,0.0,2
2012-04-04 03:00:00,10.8,74,0.0,3
2012-04-04 04:00:00,10.2,75,0.0,3
2012-04-04 05:00:00,9.3,78,0.0,3
2012-04-04 06:00:00,9.0,79,0.0,3
2012-04-04 07:00:00,8.5,81,0.0,3
2012-04-04 08:00:00,11.9,77,0.0,3
2012-04-04 09:00:00,16.8,51,0.0,3
2012-04-04 10:00:00,19.1,41,0.0,3
2012-04-04 11:00:00,20.9,36,0.0,3
2012-04-04 12:00:00,21.8,35,0.0,3
2012-04-04 13:00:00,22.9,34,0.0,1
2012-04-04 14:00:00,23.4,34,0.0,0
2012-04-04 15:00:00,23.1,35,0.0,0
2012-04-04 16:00:00,22.5,36,0.0,0
2012-04-04 17:00:00,21.7,38,0.0,0
2012-04-04 18:00:00,20.6,40,0.0,0
2012-04-04 19:00:00,18.9,46,0.0,0
2012-04-04 20:00:00,17.2,53,0.0,1
2012-04-04 21:00:00,15.4,62,0.0,2
2012-04-04 22:00:00,13.8,72,0.0,3
2012-04-04 23:00:00,12.6,78,0.0,3
2012-04-05 00:00:00,12.0,81,0.0,3
2012-04-05 01:00:00,11.1,85,0.0,3
2012-04-05 02:00:00,10.5,87,0.0,3
2012-04-05 03:00:00,10.0,87,0.0,3
2012-04-05 04:00:00,9.3,87,0.0,3
2012-04-05 05:00:00,8.5,88,0.0,3
2012-04-05 06:00:00,7.9,88,0.0,3
2012-04-05 07:00:00,7.7,87,0.0,3
2012-04-05 08:00:00,11.3,71,0.0,3
2012-04-05 09:00:00,14.3,58,0.0,2
2012-04-05 10:00:00,16.2,53,0.0,2
2012-04-05 11:00:00,17.7,47,0.0,1
2012-04-05 12:00:00,18.6,37,0.0,1
2012-04-05 13:00:00,19.6,35,0.0,0
2012-04-05 14:00:00,20.0,33,0.0,0
2012-04-05 15:00:00,20.0,33,0.0,0
2012-04-05 16:00:00,19.4,34,0.0,0
2012-04-05 17:00:00,18.5,34,0.0,0
2012-04-05 18:00:00,17.5,34,0.0,0
2012-04-05 19:00:00,15.9,40,0.0,0
2012-04-05 20:00:00,14.2,48,0.0,0
2012-04-05 21:00:00,13.0,56,0.0,0
2012-04-05 22:00:00,11.7,65,0.0,0
2012-04-05 23:00:00,10.5,68,0.0,0
2012-04-06 00:00:00,9.8,68,0.0,0
2012-04-06 01:00:00,9.1,65,0.0,0
2012-04-06 02:00:00,8.2,62,0.0,0
2012-04-06 03:00:00,7.4,60,0.0,0
2012-04-06 04:00:00,6.7,58,0.0,0
2012-04-06 05:00:00,6.1,56,0.0,0
2012-04-06 06:00:00,5.6,54,0.0,0
2012-04-06 07:00:00,5.3,52,0.0,0
2012-04-06 08:00:00,8.2,47,0.0,1
2012-04-06 09:00:00,13.1,29,0.0,2
2012-04-06 10:00:00,16.2,22,0.0,3
2012-04-06 11:00:00,18.9,17,0.0,2
2012-04-06 12:00:00,20.2,15,0.0,2
2012-04-06 13:00:00,22.2,13,0.0,2
2012-04-06 14:00:00,23.5,13,0.0,2
2012-04-06 15:00:00,24.3,12,0.0,2
2012-04-06 16:00:00,24.5,12,0.0,1
2012-04-06 17:00:00,24.2,13,0.0,0
2012-04-06 18:00:00,23.5,13,0.0,0
2012-04-06 19:00:00,21.6,18,0.0,2
2012-04-06 20:00:00,18.7,23,0.0,3
2012-04-06 21:00:00,15.6,31,0.0,2
2012-04-06 22:00:00,13.1,39,0.0,2
2012-04-06 23:00:00,12.1,39,0.0,1
2012-04-07 00:00:00,11.4,37,0.0,1
2012-04-07 01:00:00,10.3,39,0.0,1
2012-04-07 02:00:00,9.4,40,0.0,0
2012-04-07 03:00:00,8.7,40,0.0,0
2012-04-07 04:00:00,8.2,40,0.0,0
2012-04-07 05:00:00,7.8,39,0.0,0
2012-04-07 06:00:00,7.4,39,0.0,0
2012-04-07 07:00:00,7.3,39,0.0,0
2012-04-07 08:00:00,10.8,36,0.0,0
2012-04-07 09:00:00,17.4,24,0.0,0
2012-04-07 10:00:00,22.1,12,0.0,0
2012-04-07 11:00:00,25.0,9,0.0,0
2012-04-07 12:00:00,26.7,7,0.0,0
2012-04-07 13:00:00,28.2,7,0.0,0
2012-04-07 14:00:00,29.1,6,0.0,0
2012-04-07 15:00:00,29.5,6,0.0,0
2012-04-07 16:00:00,29.0,7,0.0,0
2012-04-07 17:00:00,27.2,10,0.0,0
2012-04-07 18:00:00,24.9,13,0.0,0
2012-04-07 19:00:00,22.6,19,0.0,0
2012-04-07 20:00:00,20.8,25,0.0,0
2012-04-07 21:00:00,17.8,39,0.0,0
2012-04-07 22:00:00,15.8,42,0.0,0
2012-04-07 23:00:00,14.0,46,0.0,0
2012-04-08 00:00:00,12.2,52,0.0,0
2012-04-08 01:00:00,11.1,54,0.0,0
2012-04-08 02:00:00,10.3,55,0.0,0
2012-04-08 03:00:00,9.5,57,0.0,0
2012-04-08 04:00:00,8.9,58,0.0,0
2012-04-08 05:00:00,8.2,60,0.0,0
2012-04-08 06:00:00,7.6,62,0.0,1
2012-04-08 07:00:00,7.4,63,0.0,2
2012-04-08 08:00:00,11.9,59,0.0,2
2012-04-08 09:00:00,19.5,32,0.0,2
2012-04-08 10:00:00,22.8,18,0.0,2
2012-04-08 11:00:00,25.0,17,0.0,1
2012-04-08 12:00:00,26.9,14,0.0,1
2012-04-08 13:00:00,27.6,14,0.0,0
2012-04-08 14:00:00,27.6,14,0.0,0
2012-04-08 15:00:00,27.2,14,0.0,0
2012-04-08 16:00:00,26.5,14,0.0,0
2012-04-08 17:00:00,25.7,13,0.0,0
2012-04-08 18:00:00,24.3,14,0.0,0
2012-04-08 19:00:00,22.0,19,0.0,0
2012-04-08 20:00:00,19.4,27,0.0,0
2012-04-08 21:00:00,17.4,35,0.0,0
2012-04-08 22:00:00,15.3,47,0.0,0
2012-04-08 23:00:00,14.2,47,0.0,0
2012-04-09 00:00:00,13.8,47,0.0,0
2012-04-09 01:00:00,12.3,52,0.0,0
2012-04-09 02:00:00,10.9,55,0.0,0
2012-04-09 03:00:00,9.8,57,0.0,0
2012-04-09 04:00:00,9.2,57,0.0,1
2012-04-09 05:00:00,8.7,56,0.0,1
2012-04-09 06:00:00,8.2,56,0.0,1
2012-04-09 07:00:00,8.2,57,0.0,0
2012-04-09 08:00:00,13.0,50,0.0,0
2012-04-09 09:00:00,19.1,26,0.0,0
2012-04-09 10:00:00,21.7,25,0.0,0
2012-04-09 11:00:00,23.7,22,0.0,0
2012-04-09 12:00:00,25.3,19,0.0,0
2012-04-09 13:00:00,26.7,15,0.0,0
2012-04-09 14:00:00,27.1,15,0.0,0
2012-04-09 15:00:00,26.2,16,0.0,0
2012-04-09 16:00:00,24.9,19,0.0,0
2012-04-09 17:00:00,23.9,19,0.0,0
2012-04-09 18:00:00,22.0,21,0.0,0
2012-04-09 19:00:00,19.7,28,0.0,0
2012-04-09 20:00:00,17.1,38,0.0,0
2012-04-09 21:00:00,15.1,49,0.0,0
2012-04-09 22:00:00,13.6,58,0.0,0
2012-04-09 23:00:00,12.2,65,0.0,0
2012-04-10 00:00:00,10.9,73,0.0,0
2012-04-10 01:00:00,10.1,74,0.0,0
2012-04-10 02:00:00,9.8,72,0.0,0
2012-04-10 03:00:00,9.5,70,0.0,0
2012-04-10 04:00:00,9.0,69,0.0,0
2012-04-10 05:00:00,8.6,68,0.0,1
2012-04-10 06:00:00,8.4,67,0.0,1
2012-04-10 07:00:00,8.1,68,0.0,1
2012-04-10 08:00:00,11.3,63,0.0,0
2012-04-10 09:00:00,14.5,46,0.0,0
2012-04-10 10:00:00,17.1,37,0.0,0
2012-04-10 11:00:00,19.1,31,0.0,0
2012-04-10 12:00:00,20.1,32,0.0,0
2012-04-10 13:00:00,20.8,30,0.0,0
2012-04-10 14:00:00,20.6,31,0.0,0
2012-04-10 15:00:00,19.8,32,0.0,0
2012-04-10 16:00:00,18.6,35,0.0,1
2012-04-10 17:00:00,17.0,40,0.0,1
2012-04-10 18:00:00,15.6,47,0.0,0
2012-04-10 19:00:00,13.5,58,0.0,0
2012-04-10 20:00:00,11.9,68,0.0,1
2012-04-10 21:00:00,11.1,74,0.0,2
2012-04-10 22:00:00,10.9,76,0.0,3
2012-04-10 23:00:00,10.7,78,0.0,3
2012-04-11 00:00:00,11.5,77,0.1,51
2012-04-11 01:00:00,11.2,80,0.7,53
2012-04-11 02:00:00,10.8,85,1.6,61
2012-04-11 03:00:00,10.3,96,2.1,61
2012-04-11 04:00:00,10.4,97,3.8,63
2012-04-11 05:00:00,10.5,98,3.1,63
2012-04-11 06:00:00,10.7,97,0.3,51
2012-04-11 07:00:00,10.5,95,0.3,51
2012-04-11 08:00:00,11.3,92,0.0,2
2012-04-11 09:00:00,12.7,90,0.1,51
2012-04-11 10:00:00,13.4,88,0.4,51
2012-04-11 11:00:00,15.0,82,0.3,51
2012-04-11 12:00:00,14.1,80,0.2,51
2012-04-11 13:00:00,15.8,74,0.2,51
2012-04-11 14:00:00,16.0,73,0.5,53
2012-04-11 15:00:00,14.5,73,1.9,61
2012-04-11 16:00:00,13.9,73,0.1,51
2012-04-11 17:00:00,13.7,73,0.0,3
2012-04-11 18:00:00,13.6,74,0.0,3
2012-04-11 19:00:00,12.9,77,0.0,3
2012-04-11 20:00:00,12.0,83,0.0,1
2012-04-11 21:00:00,11.2,90,0.0,0
2012-04-11 22:00:00,10.3,95,0.0,1
2012-04-11 23:00:00,10.3,96,0.0,2
2012-04-12 00:00:00,10.1,95,0.2,51
2012-04-12 01:00:00,10.0,95,0.0,2
2012-04-12 02:00:00,10.0,94,0.0,2
2012-04-12 03:00:00,9.9,93,0.0,2
2012-04-12 04:00:00,9.7,93,0.0,1
2012-04-12 05:00:00,9.3,94,0.0,0
2012-04-12 06:00:00,8.3,96,0.0,0
2012-04-12 07:00:00,8.1,95,0.0,0
2012-04-12 08:00:00,10.2,85,0.0,1
2012-04-12 09:00:00,12.1,71,0.0,2
2012-04-12 10:00:00,13.7,62,0.0,1
2012-04-12 11:00:00,14.8,56,0.0,3
2012-04-12 12:00:00,15.8,53,0.0,3
2012-04-12 13:00:00,16.0,52,0.0,3
2012-04-12 14:00:00,15.7,54,0.0,3
2012-04-12 15:00:00,15.7,56,0.0,3
2012-04-12 16:00:00,15.3,59,0.0,3
2012-04-12 17:00:00,14.5,63,0.0,2
2012-04-12 18:00:00,13.6,68,0.0,3
2012-04-12 19:00:00,12.9,74,0.0,3
2012-04-12 20:00:00,12.2,81,0.0,3
2012-04-12 21:00:00,11.8,85,0.0,3
2012-04-12 22:00:00,11.4,89,0.1,51
2012-04-12 23:00:00,11.0,90,0.2,51
2012-04-13 00:00:00,11.2,87,0.0,3
2012-04-13 01:00:00,11.0,90,0.0,3
2012-04-13 02:00:00,10.6,92,0.0,3
2012-04-13 03:00:00,10.1,93,0.0,3
2012-04-13 04:00:00,10.0,94,0.0,3
2012-04-13 05:00:00,10.5,90,0.0,3
2012-04-13 06:00:00,10.5,88,0.0,3
2012-04-13 07:00:00,10.4,89,0.3,51
2012-04-13 08:00:00,10.9,87,0.5,53
2012-04-13 09:00:00,11.4,88,0.9,53
2012-04-13 10:00:00,11.8,89,1.5,61
2012-04-13 11:00:00,12.3,90,2.6,63
2012-04-13 12:00:00,11.6,90,2.7,63
2012-04-13 13:00:00,11.8,91,5.1,63
2012-04-13 14:00:00,11.5,91,6.3,63
2012-04-13 15:00:00,10.4,89,2.0,61
2012-04-13 16:00:00,10.0,88,0.6,53
2012-04-13 17:00:00,9.8,84,0.9,53
2012-04-13 18:00:00,10.2,82,0.1,51
2012-04-13 19:00:00,9.8,84,0.0,1
2012-04-13 20:00:00,9.0,88,0.0,1
2012-04-13 21:00:00,8.3,91,0.0,0
2012-04-13 22:00:00,7.6,93,0.0,1
2012-04-13 23:00:00,7.5,91,0.0,0
2012-04-14 00:00:00,7.3,89,0.0,0
2012-04-14 01:00:00,7.2,89,0.0,0
2012-04-14 02:00:00,6.9,90,0.0,0
2012-04-14 03:00:00,6.8,90,0.0,0
2012-04-14 04:00:00,6.6,90,0.0,0
2012-04-14 05:00:00,6.1,90,0.0,0
2012-04-14 06:00:00,5.6,91,0.0,0
2012-04-14 07:00:00,5.4,92,0.0,0
2012-04-14 08:00:00,8.1,88,0.0,0
2012-04-14 09:00:00,9.8,76,0.0,0
2012-04-14 10:00:00,11.9,62,0.0,1
2012-04-14 11:00:00,13.5,50,0.0,2
2012-04-14 12:00:00,14.5,43,0.0,3
2012-04-14 13:00:00,15.5,40,0.0,3
2012-04-14 14:00:00,16.5,38,0.0,1
2012-04-14 15:00:00,16.9,41,0.0,2
2012-04-14 16:00:00,16.1,50,0.0,0
2012-04-14 17:00:00,15.5,56,0.0,1
2012-04-14 18:00:00,14.2,63,0.0,0
2012-04-14 19:00:00,13.0,72,0.0,0
2012-04-14 20:00:00,11.8,80,0.0,0
2012-04-14 21:00:00,10.6,86,0.0,0
2012-04-14 22:00:00,9.6,88,0.0,0
2012-04-14 23:00:00,8.9,88,0.0,0
2012-04-15 00:00:00,8.0,86,0.0,0
2012-04-15 01:00:00,7.3,87,0.0,0
2012-04-15 02:00:00,6.6,88,0.0,0
2012-04-15 03:00:00,6.0,88,0.0,0
2012-04-15 04:00:00,5.5,88,0.0,0
2012-04-15 05:00:00,5.2,88,0.0,0
2012-04-15 06:00:00,4.8,88,0.0,0
2012-04-15 07:00:00,5.1,88,0.0,0
2012-04-15 08:00:00,9.7,76,0.0,0
2012-04-15 09:00:00,13.3,51,0.0,0
2012-04-15 10:00:00,15.2,49,0.0,0
2012-04-15 11:00:00,16.7,49,0.0,0
2012-04-15 12:00:00,17.5,53,0.0,0
2012-04-15 13:00:00,18.5,54,0.0,0
2012-04-15 14:00:00,19.1,55,0.0,0
2012-04-15 15:00:00,19.3,58,0.0,0
2012-04-15 16:00:00,18.8,61,0.0,0
2012-04-15 17:00:00,18.1,64,0.0,0
2012-04-15 18:00:00,16.8,67,0.0,0
2012-04-15 19:00:00,15.4,73,0.0,0
2012-04-15 20:00:00,13.9,80,0.0,1
2012-04-15 21:00:00,12.6,89,0.0,2
2012-04-15 22:00:00,11.4,92,0.0,0
2012-04-15 23:00:00,10.5,94,0.0,0
2012-04-16 00:00:00,10.7,93,0.0,0
2012-04-16 01:00:00,9.9,94,0.0,0
2012-04-16 02:00:00,9.3,94,0.0,0
2012-04-16 03:00:00,8.7,94,0.0,1
2012-04-16 04:00:00,8.2,94,0.0,1
2012-04-16 05:00:00,7.9,93,0.0,1
2012-04-16 06:00:00,7.6,91,0.0,2
2012-04-16 07:00:00,8.0,89,0.0,2
2012-04-16 08:00:00,12.3,76,0.0,2
2012-04-16 09:00:00,17.0,55,0.0,0
2012-04-16 10:00:00,19.7,43,0.0,0
2012-04-16 11:00:00,21.7,41,0.0,0
2012-04-16 12:00:00,23.1,38,0.0,0
2012-04-16 13:00:00,23.9,39,0.0,0
2012-04-16 14:00:00,24.2,40,0.0,1
2012-04-16 15:00:00,24.1,43,0.0,2
2012-04-16 16:00:00,23.6,45,0.0,1
2012-04-16 17:00:00,22.9,47,0.0,1
2012-04-16 18:00:00,21.9,51,0.0,1
2012-04-16 19:00:00,20.1,60,0.0,0
2012-04-16 20:00:00,18.2,71,0.0,1
2012-04-16 21:00:00,16.3,77,0.0,1
2012-04-16 22:00:00,14.8,82,0.0,2
2012-04-16 23:00:00,13.4,88,0.0,2
2012-04-17 00:00:00,12.9,88,0.0,1
2012-04-17 01:00:00,12.3,88,0.0,0
2012-04-17 02:00:00,11.8,88,0.0,0
2012-04-17 03:00:00,11.0,89,0.0,1
2012-04-17 04:00:00,10.5,90,0.0,1
2012-04-17 05:00:00,10.2,89,0.0,1
2012-04-17 06:00:00,9.9,88,0.0,0
2012-04-17 07:00:00,10.3,87,0.0,0
2012-04-17 08:00:00,15.0,79,0.0,0
2012-04-17 09:00:00,20.5,51,0.0,0
2012-04-17 10:00:00,22.9,42,0.0,0
2012-04-17 11:00:00,24.4,40,0.0,0
2012-04-17 12:00:00,25.5,39,0.0,0
2012-04-17 13:00:00,26.3,39,0.0,0
2012-04-17 14:00:00,26.5,40,0.0,0
2012-04-17 15:00:00,26.2,42,0.0,1
2012-04-17 16:00:00,25.5,44,0.0,0
2012-04-17 17:00:00,24.7,46,0.0,0
2012-04-17 18:00:00,23.2,49,0.0,0
2012-04-17 19:00:00,21.7,55,0.0,1
2012-04-17 20:00:00,19.6,66,0.0,1
2012-04-17 21:00:00,17.5,76,0.0,0
2012-04-17 22:00:00,16.1,82,0.0,0
2012-04-17 23:00:00,15.0,86,0.0,1
2012-04-18 00:00:00,14.7,88,0.0,1
2012-04-18 01:00:00,14.1,90,0.0,1
2012-04-18 02:00:00,13.5,91,0.0,1
2012-04-18 03:00:00,12.8,92,0.0,1
2012-04-18 04:00:00,12.3,92,0.0,2
2012-04-18 05:00:00,11.8,92,0.0,1
2012-04-18 06:00:00,11.3,92,0.0,1
2012-04-18 07:00:00,11.7,90,0.0,1
2012-04-18 08:00:00,16.0,81,0.0,2
2012-04-18 09:00:00,19.6,62,0.0,3
2012-04-18 10:00:00,21.5,56,0.0,3
2012-04-18 11:00:00,23.0,52,0.0,3
2012-04-18 12:00:00,23.4,53,0.0,2
2012-04-18 13:00:00,24.2,51,0.0,1
2012-04-18 14:00:00,24.8,50,0.0,0
2012-04-18 15:00:00,24.8,50,0.0,0
2012-04-18 16:00:00,24.2,52,0.0,0
2012-04-18 17:00:00,23.3,54,0.0,1
2012-04-18 18:00:00,21.6,57,0.0,0
2012-04-18 19:00:00,19.9,63,0.0,0
2012-04-18 20:00:00,18.1,71,0.0,1
2012-04-18 21:00:00,16.9,79,0.0,2
2012-04-18 22:00:00,15.8,86,0.0,3
2012-04-18 23:00:00,14.8,90,0.0,2
2012-04-19 00:00:00,14.2,91,0.0,1
2012-04-19 01:00:00,14.1,89,0.0,2
2012-04-19 02:00:00,13.6,88,0.0,2
2012-04-19 03:00:00,13.0,89,0.0,2
2012-04-19 04:00:00,12.2,89,0.0,2
2012-04-19 05:00:00,11.5,89,0.0,3
2012-04-19 06:00:00,10.8,90,0.0,3
2012-04-19 07:00:00,11.3,88,0.0,3
2012-04-19 08:00:00,15.3,73,0.0,2
2012-04-19 09:00:00,18.9,54,0.0,2
2012-04-19 10:00:00,21.5,46,0.0,2
2012-04-19 11:00:00,23.7,42,0.0,1
2012-04-19 12:00:00,24.6,42,0.0,1
2012-04-19 13:00:00,25.9,41,0.0,1
2012-04-19 14:00:00,26.3,43,0.0,1
2012-04-19 15:00:00,25.6,47,0.0,1
2012-04-19 16:00:00,24.8,51,0.0,1
2012-04-19 17:00:00,24.0,55,0.0,1
2012-04-19 18:00:00,23.2,59,0.0,0
2012-04-19 19:00:00,21.6,66,0.0,0
2012-04-19 20:00:00,19.6,75,0.0,0
2012-04-19 21:00:00,18.4,82,0.0,0
2012-04-19 22:00:00,17.4,85,0.0,0
2012-04-19 23:00:00,16.4,86,0.0,0
2012-04-20 00:00:00,15.4,87,0.0,0
2012-04-20 01:00:00,14.3,90,0.0,0
2012-04-20 02:00:00,13.6,91,0.0,0
2012-04-20 03:00:00,13.2,91,0.0,1
2012-04-20 04:00:00,12.9,89,0.0,1
2012-04-20 05:00:00,12.6,88,0.0,1
2012-04-20 06:00:00,12.4,86,0.0,1
2012-04-20 07:00:00,13.1,83,0.0,1
2012-04-20 08:00:00,17.6,73,0.0,1
2012-04-20 09:00:00,23.2,50,0.0,0
2012-04-20 10:00:00,26.4,39,0.0,0
2012-04-20 11:00:00,28.5,37,0.0,0
2012-04-20 12:00:00,29.5,37,0.0,0
2012-04-20 13:00:00,30.6,35,0.0,0
2012-04-20 14:00:00,31.0,34,0.0,0
2012-04-20 15:00:00,30.8,35,0.0,0
2012-04-20 16:00:00,30.4,35,0.0,0
2012-04-20 17:00:00,29.6,35,0.0,0
2012-04-20 18:00:00,28.1,39,0.0,0
2012-04-20 19:00:00,25.5,49,0.0,0
2012-04-20 20:00:00,22.8,58,0.0,0
2012-04-20 21:00:00,20.6,68,0.0,0
2012-04-20 22:00:00,19.1,75,0.0,0
2012-04-20 23:00:00,18.7,77,0.0,0
2012-04-21 00:00:00,18.0,77,0.0,0
2012-04-21 01:00:00,17.5,78,0.0,0
2012-04-21 02:00:00,17.0,78,0.0,0
2012-04-21 03:00:00,16.8,78,0.0,1
2012-04-21 04:00:00,16.5,76,0.0,1
2012-04-21 05:00:00,16.2,76,0.0,1
2012-04-21 06:00:00,15.7,76,0.0,1
2012-04-21 07:00:00,15.3,78,0.0,1
2012-04-21 08:00:00,19.1,72,0.0,1
2012-04-21 09:00:00,23.6,48,0.0,1
2012-04-21 10:00:00,25.7,44,0.0,1
2012-04-21 11:00:00,27.2,42,0.0,0
2012-04-21 12:00:00,28.1,39,0.0,0
2012-04-21 13:00:00,28.7,39,0.0,0
2012-04-21 14:00:00,28.8,39,0.0,0
2012-04-21 15:00:00,28.8,38,0.0,0
2012-04-21 16:00:00,28.2,38,0.0,0
2012-04-21 17:00:00,26.8,41,0.0,0
2012-04-21 18:00:00,24.1,47,0.0,0
2012-04-21 19:00:00,21.3,56,0.0,0
2012-04-21 20:00:00,18.8,65,0.0,0
2012-04-21 21:00:00,17.2,72,0.0,0
2012-04-21 22:00:00,16.0,79,0.0,0
2012-04-21 23:00:00,15.3,83,0.0,0
2012-04-22 00:00:00,14.4,86,0.0,1
2012-04-22 01:00:00,14.1,86,0.0,0
2012-04-22 02:00:00,14.0,85,0.0,0
2012-04-22 03:00:00,14.3,81,0.0,2
2012-04-22 04:00:00,15.3,74,0.0,1
2012-04-22 05:00:00,15.4,73,0.0,1
2012-04-22 06:00:00,15.4,71,0.0,2
2012-04-22 07:00:00,15.5,70,0.0,1
2012-04-22 08:00:00,17.0,68,0.0,1
2012-04-22 09:00:00,19.2,60,0.0,1
2012-04-22 10:00:00,21.0,56,0.0,1
2012-04-22 11:00:00,22.5,52,0.0,1
2012-04-22 12:00:00,22.0,52,0.0,0
2012-04-22 13:00:00,22.9,49,0.0,0
2012-04-22 14:00:00,23.6,47,0.0,0
2012-04-22 15:00:00,22.9,49,0.0,1
2012-04-22 16:00:00,22.9,48,0.0,0
2012-04-22 17:00:00,22.6,49,0.0,0
2012-04-22 18:00:00,21.3,52,0.0,0
2012-04-22 19:00:00,19.2,60,0.0,0
2012-04-22 20:00:00,17.2,68,0.0,0
2012-04-22 21:00:00,15.8,75,0.0,0
2012-04-22 22:00:00,14.8,80,0.0,0
2012-04-22 23:00:00,14.2,83,0.0,0
2012-04-23 00:00:00,13.4,84,0.0,0
2012-04-23 01:00:00,12.2,90,0.0,1
2012-04-23 02:00:00,11.7,93,0.0,1
2012-04-23 03:00:00,11.4,95,0.0,1
2012-04-23 04:00:00,11.0,96,0.0,1
2012-04-23 05:00:00,10.9,96,0.0,1
2012-04-23 06:00:00,11.1,96,0.0,1
2012-04-23 07:00:00,11.5,94,0.0,1
2012-04-23 08:00:00,12.5,89,0.0,2
2012-04-23 09:00:00,13.8,82,0.0,2
2012-04-23 10:00:00,15.2,75,0.0,2
2012-04-23 11:00:00,17.0,67,0.0,2
2012-04-23 12:00:00,18.7,59,0.0,2
2012-04-23 13:00:00,19.1,57,0.0,1
2012-04-23 14:00:00,19.3,55,0.0,2
2012-04-23 15:00:00,19.2,55,0.0,3
2012-04-23 16:00:00,19.3,54,0.0,2
2012-04-23 17:00:00,18.5,56,0.0,2
2012-04-23 18:00:00,17.3,60,0.0,2
2012-04-23 19:00:00,15.5,66,0.0,1
2012-04-23 20:00:00,14.0,72,0.0,1
2012-04-23 21:00:00,13.2,76,0.0,1
2012-04-23 22:00:00,12.5,80,0.0,1
2012-04-23 23:00:00,11.7,86,0.0,1
2012-04-24 00:00:00,11.6,88,0.0,0
2012-04-24 01:00:00,11.8,85,0.0,1
2012-04-24 02:00:00,11.8,85,0.0,1
2012-04-24 03:00:00,11.5,87,0.0,1
2012-04-24 04:00:00,10.7,91,0.0,1
2012-04-24 05:00:00,10.4,92,0.0,1
2012-04-24 06:00:00,9.9,94,0.0,3
2012-04-24 07:00:00,10.3,93,0.0,3
2012-04-24 08:00:00,13.1,78,0.0,3
2012-04-24 09:00:00,15.5,65,0.0,3
2012-04-24 10:00:00,17.3,59,0.0,3
2012-04-24 11:00:00,18.9,53,0.0,3
2012-04-24 12:00:00,21.5,46,0.0,3
2012-04-24 13:00:00,21.9,45,0.0,3
2012-04-24 14:00:00,21.7,44,0.0,3
2012-04-24 15:00:00,22.7,41,0.0,3
2012-04-24 16:00:00,22.7,41,0.0,3
2012-04-24 17:00:00,22.0,42,0.0,3
2012-04-24 18:00:00,20.2,48,0.0,3
2012-04-24 19:00:00,18.3,54,0.0,3
2012-04-24 20:00:00,17.0,59,0.0,3
2012-04-24 21:00:00,16.0,65,0.0,3
2012-04-24 22:00:00,15.0,73,0.0,3
2012-04-24 23:00:00,14.5,77,0.0,3
2012-04-25 00:00:00,14.7,79,0.0,3
2012-04-25 01:00:00,14.5,80,0.0,3
2012-04-25 02:00:00,14.3,83,0.0,3
2012-04-25 03:00:00,13.9,83,0.0,3
2012-04-25 04:00:00,13.8,83,0.0,3
2012-04-25 05:00:00,13.8,84,0.0,3
2012-04-25 06:00:00,13.4,87,0.0,3
2012-04-25 07:00:00,14.0,83,0.0,3
2012-04-25 08:00:00,16.7,69,0.0,3
2012-04-25 09:00:00,20.7,50,0.0,3
2012-04-25 10:00:00,24.0,40,0.0,3
2012-04-25 11:00:00,25.8,37,0.0,3
2012-04-25 12:00:00,26.9,34,0.0,1
2012-04-25 13:00:00,28.5,31,0.0,1
2012-04-25 14:00:00,29.0,29,0.0,3
2012-04-25 15:00:00,28.5,30,0.0,3
2012-04-25 16:00:00,27.0,35,0.0,3
2012-04-25 17:00:00,23.5,45,0.0,3
2012-04-25 18:00:00,20.4,56,0.0,3
2012-04-25 19:00:00,17.7,67,0.0,2
2012-04-25 20:00:00,16.3,74,0.0,3
2012-04-25 21:00:00,15.7,77,0.0,3
2012-04-25 22:00:00,15.5,78,0.1,51
2012-04-25 23:00:00,15.5,78,0.3,51
2012-04-26 00:00:00,14.0,94,4.0,63
2012-04-26 01:00:00,13.7,97,2.8,63
2012-04-26 02:00:00,13.7,97,1.5,61
2012-04-26 03:00:00,13.5,97,0.5,53
2012-04-26 04:00:00,13.4,97,0.4,51
2012-04-26 05:00:00,13.3,97,0.9,53
2012-04-26 06:00:00,13.2,96,0.2,51
2012-04-26 07:00:00,13.5,94,0.0,2
2012-04-26 08:00:00,14.2,91,0.0,3
2012-04-26 09:00:00,15.1,83,0.1,51
2012-04-26 10:00:00,16.4,75,0.2,51
2012-04-26 11:00:00,17.2,70,0.2,51
2012-04-26 12:00:00,16.2,74,0.0,2
2012-04-26 13:00:00,16.8,71,0.1,51
2012-04-26 14:00:00,17.3,70,0.1,51
2012-04-26 15:00:00,17.4,69,0.0,2
2012-04-26 16:00:00,17.3,69,0.0,3
2012-04-26 17:00:00,16.6,73,0.0,2
2012-04-26 18:00:00,16.2,74,0.0,2
2012-04-26 19:00:00,15.4,79,0.0,2
2012-04-26 20:00:00,14.6,85,0.0,1
2012-04-26 21:00:00,14.1,88,0.0,1
2012-04-26 22:00:00,13.4,93,0.0,1
2012-04-26 23:00:00,13.0,95,0.0,1
2012-04-27 00:00:00,12.7,97,0.0,1
2012-04-27 01:00:00,12.6,98,0.0,1
2012-04-27 02:00:00,12.5,98,0.0,1
2012-04-27 03:00:00,12.7,96,0.0,3
2012-04-27 04:00:00,12.6,97,0.0,3
2012-04-27 05:00:00,12.6,97,0.0,2
2012-04-27 06:00:00,12.5,97,0.0,2
2012-04-27 07:00:00,12.9,95,0.0,2
2012-04-27 08:00:00,14.3,85,0.0,2
2012-04-27 09:00:00,15.9,76,0.0,2
2012-04-27 10:00:00,17.8,67,0.0,1
2012-04-27 11:00:00,19.6,60,0.0,1
2012-04-27 12:00:00,21.5,50,0.0,0
2012-04-27 13:00:00,22.6,48,0.0,0
2012-04-27 14:00:00,22.8,49,0.0,0
2012-04-27 15:00:00,21.7,56,0.0,0
2012-04-27 16:00:00,20.5,62,0.0,0
2012-04-27 17:00:00,19.8,65,0.0,1
2012-04-27 18:00:00,18.6,67,0.0,3
2012-04-27 19:00:00,17.4,70,0.0,3
2012-04-27 20:00:00,16.1,75,0.0,3
2012-04-27 21:00:00,15.2,82,0.0,2
2012-04-27 22:00:00,14.3,87,0.0,1
2012-04-27 23:00:00,13.4,89,0.0,3
2012-04-28 00:00:00,12.8,91,0.0,3
2012-04-28 01:00:00,12.2,91,0.0,1
2012-04-28 02:00:00,11.5,92,0.0,1
2012-04-28 03:00:00,11.1,91,0.0,2
2012-04-28 04:00:00,10.7,90,0.0,2
2012-04-28 05:00:00,10.5,87,0.0,2
2012-04-28 06:00:00,10.3,84,0.0,1
2012-04-28 07:00:00,11.1,81,0.0,1
2012-04-28 08:00:00,15.5,65,0.0,1
2012-04-28 09:00:00,19.4,49,0.0,1
2012-04-28 10:00:00,22.2,41,0.0,0
2012-04-28 11:00:00,24.5,37,0.0,0
2012-04-28 12:00:00,25.6,35,0.0,0
2012-04-28 13:00:00,26.9,34,0.0,0
2012-04-28 14:00:00,27.1,36,0.0,0
2012-04-28 15:00:00,26.3,41,0.0,0
2012-04-28 16:00:00,25.2,46,0.0,0
2012-04-28 17:00:00,24.2,49,0.0,0
2012-04-28 18:00:00,23.1,52,0.0,0
2012-04-28 19:00:00,21.3,60,0.0,0
2012-04-28 20:00:00,19.2,69,0.0,0
2012-04-28 21:00:00,17.6,77,0.0,0
2012-04-28 22:00:00,16.5,83,0.0,1
2012-04-28 23:00:00,15.4,89,0.0,1
2012-04-29 00:00:00,14.8,91,0.0,0
2012-04-29 01:00:00,14.6,90,0.0,0
2012-04-29 02:00:00,14.4,88,0.0,0
2012-04-29 03:00:00,14.0,87,0.0,3
2012-04-29 04:00:00,13.4,87,0.0,2
2012-04-29 05:00:00,12.6,88,0.0,2
2012-04-29 06:00:00,11.6,91,0.0,1
2012-04-29 07:00:00,12.4,89,0.0,1
2012-04-29 08:00:00,16.9,72,0.0,1
2012-04-29 09:00:00,19.7,59,0.0,2
2012-04-29 10:00:00,21.5,56,0.0,1
2012-04-29 11:00:00,22.9,55,0.0,0
2012-04-29 12:00:00,23.8,54,0.0,0
2012-04-29 13:00:00,24.5,54,0.0,0
2012-04-29 14:00:00,24.6,55,0.0,0
2012-04-29 15:00:00,24.2,55,0.0,1
2012-04-29 16:00:00,23.7,55,0.0,1
2012-04-29 17:00:00,23.0,56,0.0,0
2012-04-29 18:00:00,21.6,59,0.0,0
2012-04-29 19:00:00,19.7,66,0.0,0
2012-04-29 20:00:00,17.4,76,0.0,0
2012-04-29 21:00:00,16.1,82,0.0,0
2012-04-29 22:00:00,15.0,88,0.0,0
2012-04-29 23:00:00,14.1,93,0.0,0
2012-04-30 00:00:00,14.0,94,0.0,0
2012-04-30 01:00:00,14.1,92,0.0,0
2012-04-30 02:00:00,14.0,91,0.0,0
2012-04-30 03:00:00,13.8,90,0.0,3
2012-04-30 04:00:00,13.4,90,0.0,3
2012-04-30 05:00:00,13.3,89,0.0,2
2012-04-30 06:00:00,13.6,85,0.0,2
2012-04-30 07:00:00,14.6,80,0.0,2
2012-04-30 08:00:00,16.7,74,0.0,1
2012-04-30 09:00:00,18.9,65,0.0,1
2012-04-30 10:00:00,20.8,59,0.0,0
2012-04-30 11:00:00,22.2,56,0.0,0
2012-04-30 12:00:00,22.6,52,0.0,0
2012-04-30 13:00:00,23.1,51,0.0,1
2012-04-30 14:00:00,23.3,51,0.0,2
2012-04-30 15:00:00,23.1,51,0.0,3
2012-04-30 16:00:00,22.3,52,0.0,3
2012-04-30 17:00:00,21.1,56,0.0,3
2012-04-30 18:00:00,19.6,61,0.0,3
2012-04-30 19:00:00,17.5,70,0.0,2
2012-04-30 20:00:00,15.6,79,0.0,2
2012-04-30 21:00:00,14.4,85,0.0,2
2012-04-30 22:00:00,13.7,88,0.0,2
2012-04-30 23:00:00,13.4,90,0.0,2
2012-05-01 00:00:00,13.3,87,0.0,1
2012-05-01 01:00:00,12.9,90,0.0,1
2012-05-01 02:00:00,12.6,91,0.0,1
2012-05-01 03:00:00,12.5,91,0.0,2
2012-05-01 04:00:00,12.0,94,0.0,2
2012-05-01 05:00:00,11.8,95,0.0,2
2012-05-01 06:00:00,11.8,95,0.0,2
2012-05-01 07:00:00,12.1,92,0.0,3
2012-05-01 08:00:00,13.0,87,0.0,3
2012-05-01 09:00:00,14.3,81,0.0,3
2012-05-01 10:00:00,15.6,75,0.0,3
2012-05-01 11:00:00,16.8,70,0.0,3
2012-05-01 12:00:00,18.1,68,0.0,3
2012-05-01 13:00:00,18.1,66,0.0,3
2012-05-01 14:00:00,17.8,67,0.0,2
2012-05-01 15:00:00,18.3,64,0.0,3
2012-05-01 16:00:00,18.0,64,0.0,3
2012-05-01 17:00:00,17.7,65,0.0,3
2012-05-01 18:00:00,16.9,68,0.0,3
2012-05-01 19:00:00,15.8,72,0.0,3
2012-05-01 20:00:00,14.6,78,0.0,3
2012-05-01 21:00:00,13.8,82,0.0,3
2012-05-01 22:00:00,13.3,84,0.0,3
2012-05-01 23:00:00,13.2,85,0.0,3
2012-05-02 00:00:00,13.0,89,0.1,51
2012-05-02 01:00:00,12.9,89,0.0,3
2012-05-02 02:00:00,12.7,90,0.0,3
2012-05-02 03:00:00,12.6,90,0.0,3
2012-05-02 04:00:00,12.4,91,0.0,3
2012-05-02 05:00:00,12.4,91,0.0,3
2012-05-02 06:00:00,12.4,90,0.0,3
2012-05-02 07:00:00,12.4,90,0.0,3
2012-05-02 08:00:00,12.8,88,0.0,3
2012-05-02 09:00:00,13.3,86,0.1,51
2012-05-02 10:00:00,14.6,79,0.2,51
2012-05-02 11:00:00,15.5,75,0.0,3
2012-05-02 12:00:00,16.1,72,0.0,3
2012-05-02 13:00:00,17.0,68,0.0,3
2012-05-02 14:00:00,17.5,67,0.0,3
2012-05-02 15:00:00,17.9,65,0.0,3
2012-05-02 16:00:00,17.9,65,0.0,3
2012-05-02 17:00:00,17.6,66,0.0,3
2012-05-02 18:00:00,16.9,68,0.0,3
2012-05-02 19:00:00,15.7,73,0.0,3
2012-05-02 20:00:00,14.5,79,0.0,3
2012-05-02 21:00:00,13.8,83,0.0,3
2012-05-02 22:00:00,13.3,86,0.0,3
2012-05-02 23:00:00,13.1,87,0.0,3
2012-05-03 00:00:00,13.3,84,0.0,3
2012-05-03 01:00:00,13.3,83,0.0,3
2012-05-03 02:00:00,13.2,84,0.0,2
2012-05-03 03:00:00,12.8,87,0.0,3
2012-05-03 04:00:00,12.3,91,0.0,3
2012-05-03 05:00:00,12.0,94,0.0,3
2012-05-03 06:00:00,11.8,94,0.0,3
2012-05-03 07:00:00,12.3,93,0.0,3
2012-05-03 08:00:00,13.3,85,0.0,3
2012-05-03 09:00:00,15.0,76,0.0,3
2012-05-03 10:00:00,16.1,72,0.0,3
2012-05-03 11:00:00,17.6,66,0.0,2
2012-05-03 12:00:00,19.0,63,0.0,1
2012-05-03 13:00:00,18.7,64,0.0,1
2012-05-03 14:00:00,19.6,59,0.0,1
2012-05-03 15:00:00,19.9,57,0.0,3
2012-05-03 16:00:00,19.9,55,0.0,3
2012-05-03 17:00:00,19.4,54,0.0,1
2012-05-03 18:00:00,18.4,54,0.0,1
2012-05-03 19:00:00,17.0,58,0.0,0
2012-05-03 20:00:00,15.4,65,0.0,0
2012-05-03 21:00:00,14.3,72,0.0,0
2012-05-03 22:00:00,13.3,79,0.0,0
2012-05-03 23:00:00,12.3,86,0.0,0
2012-05-04 00:00:00,12.3,85,0.0,0
2012-05-04 01:00:00,11.5,88,0.0,0
2012-05-04 02:00:00,10.7,91,0.0,0
2012-05-04 03:00:00,10.2,93,0.0,0
2012-05-04 04:00:00,9.8,93,0.0,0
2012-05-04 05:00:00,9.5,94,0.0,0
2012-05-04 06:00:00,9.2,94,0.0,0
2012-05-04 07:00:00,10.6,91,0.0,1
2012-05-04 08:00:00,14.0,76,0.0,1
2012-05-04 09:00:00,15.8,69,0.0,1
2012-05-04 10:00:00,17.9,61,0.0,1
2012-05-04 11:00:00,19.6,55,0.0,2
2012-05-04 12:00:00,20.3,55,0.0,2
2012-05-04 13:00:00,21.5,50,0.0,3
2012-05-04 14:00:00,22.1,47,0.0,3
2012-05-04 15:00:00,22.2,47,0.0,2
2012-05-04 16:00:00,22.0,47,0.0,3
2012-05-04 17:00:00,21.0,51,0.0,3
2012-05-04 18:00:00,20.2,55,0.0,3
2012-05-04 19:00:00,18.9,60,0.0,3
2012-05-04 20:00:00,17.4,67,0.0,3
2012-05-04 21:00:00,16.2,74,0.0,3
2012-05-04 22:00:00,15.0,80,0.0,2
2012-05-04 23:00:00,13.8,88,0.0,2
2012-05-05 00:00:00,13.2,90,0.0,2
2012-05-05 01:00:00,12.4,91,0.0,1
2012-05-05 02:00:00,11.5,92,0.0,0
2012-05-05 03:00:00,10.8,92,0.0,2
2012-05-05 04:00:00,10.2,91,0.0,1
2012-05-05 05:00:00,9.8,89,0.0,1
2012-05-05 06:00:00,9.5,89,0.0,1
2012-05-05 07:00:00,10.9,83,0.0,1
2012-05-05 08:00:00,15.6,57,0.0,1
2012-05-05 09:00:00,18.6,41,0.0,0
2012-05-05 10:00:00,21.0,34,0.0,0
2012-05-05 11:00:00,23.3,29,0.0,0
2012-05-05 12:00:00,24.8,27,0.0,0
2012-05-05 13:00:00,26.0,27,0.0,0
2012-05-05 14:00:00,26.1,30,0.0,0
2012-05-05 15:00:00,24.8,38,0.0,0
2012-05-05 16:00:00,23.7,45,0.0,0
2012-05-05 17:00:00,22.9,47,0.0,0
2012-05-05 18:00:00,21.7,49,0.0,0
2012-05-05 19:00:00,20.1,53,0.0,0
2012-05-05 20:00:00,18.2,61,0.0,0
2012-05-05 21:00:00,16.8,68,0.0,0
2012-05-05 22:00:00,15.7,74,0.0,0
2012-05-05 23:00:00,14.7,80,0.0,0
2012-05-06 00:00:00,13.6,85,0.0,0
2012-05-06 01:00:00,13.0,85,0.0,0
2012-05-06 02:00:00,12.5,84,0.0,0
2012-05-06 03:00:00,11.8,85,0.0,1
2012-05-06 04:00:00,11.0,86,0.0,1
2012-05-06 05:00:00,10.3,86,0.0,1
2012-05-06 06:00:00,10.0,84,0.0,1
2012-05-06 07:00:00,11.7,78,0.0,0
2012-05-06 08:00:00,16.3,54,0.0,0
2012-05-06 09:00:00,18.8,44,0.0,0
2012-05-06 10:00:00,21.0,40,0.0,0
2012-05-06 11:00:00,23.0,38,0.0,0
2012-05-06 12:00:00,24.3,38,0.0,0
2012-05-06 13:00:00,24.8,41,0.0,0
2012-05-06 14:00:00,24.6,45,0.0,0
2012-05-06 15:00:00,24.1,47,0.0,0
2012-05-06 16:00:00,23.5,49,0.0,0
2012-05-06 17:00:00,22.5,53,0.0,0
2012-05-06 18:00:00,21.2,58,0.0,0
2012-05-06 19:00:00,19.4,65,0.0,0
2012-05-06 20:00:00,17.6,73,0.0,0
2012-05-06 21:00:00,16.6,77,0.0,0
2012-05-06 22:00:00,15.6,81,0.0,0
2012-05-06 23:00:00,14.6,88,0.0,0
2012-05-07 00:00:00,14.1,86,0.0,0
2012-05-07 01:00:00,13.4,86,0.0,0
2012-05-07 02:00:00,12.7,86,0.0,0
2012-05-07 03:00:00,12.1,88,0.0,3
2012-05-07 04:00:00,12.1,86,0.0,3
2012-05-07 05:00:00,11.8,85,0.0,2
2012-05-07 06:00:00,11.7,83,0.0,2
2012-05-07 07:00:00,12.8,78,0.0,1
2012-05-07 08:00:00,17.4,55,0.0,1
2012-05-07 09:00:00,20.5,40,0.0,1
2012-05-07 10:00:00,23.2,34,0.0,0
2012-05-07 11:00:00,25.6,31,0.0,0
2012-05-07 12:00:00,26.5,27,0.0,0
2012-05-07 13:00:00,27.6,28,0.0,0
2012-05-07 14:00:00,27.9,30,0.0,0
2012-05-07 15:00:00,27.4,35,0.0,0
2012-05-07 16:00:00,26.5,37,0.0,0
2012-05-07 17:00:00,25.8,35,0.0,0
2012-05-07 18:00:00,25.1,34,0.0,0
2012-05-07 19:00:00,23.0,40,0.0,0
2012-05-07 20:00:00,20.7,50,0.0,0
2012-05-07 21:00:00,19.2,57,0.0,0
2012-05-07 22:00:00,17.8,66,0.0,0
2012-05-07 23:00:00,16.7,72,0.0,0
2012-05-08 00:00:00,15.7,78,0.0,0
2012-05-08 01:00:00,14.6,81,0.0,0
2012-05-08 02:00:00,13.7,82,0.0,0
2012-05-08 03:00:00,12.9,81,0.0,2
2012-05-08 04:00:00,12.3,79,0.0,2
2012-05-08 05:00:00,11.8,76,0.0,2
2012-05-08 06:00:00,11.5,73,0.0,2
2012-05-08 07:00:00,13.2,66,0.0,1
2012-05-08 08:00:00,18.7,48,0.0,1
2012-05-08 09:00:00,23.8,27,0.0,1
2012-05-08 10:00:00,27.1,21,0.0,0
2012-05-08 11:00:00,29.7,16,0.0,0
2012-05-08 12:00:00,30.3,17,0.0,0
2012-05-08 13:00:00,31.8,15,0.0,0
2012-05-08 14:00:00,32.8,13,0.0,0
2012-05-08 15:00:00,33.3,11,0.0,0
2012-05-08 16:00:00,33.2,11,0.0,0
2012-05-08 17:00:00,32.0,15,0.0,0
2012-05-08 18:00:00,30.7,17,0.0,0
2012-05-08 19:00:00,28.6,22,0.0,0
2012-05-08 20:00:00,25.6,30,0.0,0
2012-05-08 21:00:00,23.7,36,0.0,0
2012-05-08 22:00:00,21.8,43,0.0,0
2012-05-08 23:00:00,20.1,49,0.0,0
2012-05-09 00:00:00,17.7,62,0.0,0
2012-05-09 01:00:00,16.7,63,0.0,0
2012-05-09 02:00:00,15.7,65,0.0,0
2012-05-09 03:00:00,14.8,66,0.0,0
2012-05-09 04:00:00,14.3,65,0.0,0
2012-05-09 05:00:00,13.8,64,0.0,0
2012-05-09 06:00:00,13.4,63,0.0,1
2012-05-09 07:00:00,15.0,59,0.0,0
2012-05-09 08:00:00,20.6,48,0.0,0
2012-05-09 09:00:00,25.4,24,0.0,0
2012-05-09 10:00:00,27.9,22,0.0,0
2012-05-09 11:00:00,29.9,21,0.0,0
2012-05-09 12:00:00,30.1,24,0.0,0
2012-05-09 13:00:00,30.8,26,0.0,0
2012-05-09 14:00:00,30.8,28,0.0,0
2012-05-09 15:00:00,30.6,29,0.0,0
2012-05-09 16:00:00,30.2,29,0.0,0
2012-05-09 17:00:00,29.5,28,0.0,0
2012-05-09 18:00:00,27.4,31,0.0,0
2012-05-09 19:00:00,24.9,38,0.0,0
2012-05-09 20:00:00,22.2,49,0.0,0
2012-05-09 21:00:00,20.3,58,0.0,0
2012-05-09 22:00:00,18.9,65,0.0,0
2012-05-09 23:00:00,18.0,70,0.0,0
2012-05-10 00:00:00,16.5,76,0.0,0
2012-05-10 01:00:00,15.8,80,0.0,0
2012-05-10 02:00:00,15.5,81,0.0,0
2012-05-10 03:00:00,14.9,83,0.0,1
2012-05-10 04:00:00,14.7,84,0.0,1
2012-05-10 05:00:00,14.3,84,0.0,1
2012-05-10 06:00:00,14.1,83,0.0,1
2012-05-10 07:00:00,15.7,77,0.0,0
2012-05-10 08:00:00,18.4,67,0.0,0
2012-05-10 09:00:00,20.6,59,0.0,0
2012-05-10 10:00:00,22.6,49,0.0,0
2012-05-10 11:00:00,24.0,43,0.0,0
2012-05-10 12:00:00,23.7,43,0.0,0
2012-05-10 13:00:00,24.5,40,0.0,0
2012-05-10 14:00:00,24.7,40,0.0,0
2012-05-10 15:00:00,24.1,40,0.0,0
2012-05-10 16:00:00,23.3,42,0.0,0
2012-05-10 17:00:00,22.5,44,0.0,0
2012-05-10 18:00:00,21.2,48,0.0,0
2012-05-10 19:00:00,19.0,57,0.0,0
2012-05-10 20:00:00,16.8,66,0.0,0
2012-05-10 21:00:00,15.5,72,0.0,0
2012-05-10 22:00:00,14.7,76,0.0,0
2012-05-10 23:00:00,13.9,81,0.0,0
2012-05-11 00:00:00,13.2,84,0.0,0
2012-05-11 01:00:00,13.0,85,0.0,0
2012-05-11 02:00:00,12.6,87,0.0,0
2012-05-11 03:00:00,12.2,88,0.0,1
2012-05-11 04:00:00,11.7,90,0.0,1
2012-05-11 05:00:00,11.3,91,0.0,1
2012-05-11 06:00:00,10.7,92,0.0,1
2012-05-11 07:00:00,12.6,85,0.0,1
2012-05-11 08:00:00,15.1,73,0.0,0
2012-05-11 09:00:00,17.3,64,0.0,0
2012-05-11 10:00:00,19.2,57,0.0,0
2012-05-11 11:00:00,21.1,49,0.0,0
2012-05-11 12:00:00,21.7,48,0.0,0
2012-05-11 13:00:00,22.7,45,0.0,0
2012-05-11 14:00:00,23.3,44,0.0,0
2012-05-11 15:00:00,23.7,42,0.0,0
2012-05-11 16:00:00,23.5,42,0.0,0
2012-05-11 17:00:00,22.4,44,0.0,0
2012-05-11 18:00:00,20.8,49,0.0,0
2012-05-11 19:00:00,19.3,54,0.0,0
2012-05-11 20:00:00,17.6,61,0.0,0
2012-05-11 21:00:00,16.4,67,0.0,0
2012-05-11 22:00:00,15.3,75,0.0,1
2012-05-11 23:00:00,14.7,77,0.0,0
2012-05-12 00:00:00,14.0,78,0.0,0
2012-05-12 01:00:00,13.3,83,0.0,0
2012-05-12 02:00:00,12.6,86,0.0,2
2012-05-12 03:00:00,12.3,87,0.0,3
2012-05-12 04:00:00,12.0,88,0.0,3
2012-05-12 05:00:00,11.7,88,0.0,2
2012-05-12 06:00:00,11.6,88,0.0,3
2012-05-12 07:00:00,13.2,80,0.0,3
2012-05-12 08:00:00,16.8,62,0.0,2
2012-05-12 09:00:00,18.7,55,0.0,1
2012-05-12 10:00:00,20.9,49,0.0,2
2012-05-12 11:00:00,23.2,42,0.0,3
2012-05-12 12:00:00,23.9,41,0.0,3
2012-05-12 13:00:00,24.7,39,0.0,3
2012-05-12 14:00:00,25.4,38,0.0,3
2012-05-12 15:00:00,25.4,37,0.0,2
2012-05-12 16:00:00,25.1,37,0.0,2
2012-05-12 17:00:00,24.5,37,0.0,1
2012-05-12 18:00:00,23.4,40,0.0,0
2012-05-12 19:00:00,21.4,46,0.0,0
2012-05-12 20:00:00,19.3,55,0.0,0
2012-05-12 21:00:00,17.6,63,0.0,0
2012-05-12 22:00:00,16.5,70,0.0,0
2012-05-12 23:00:00,15.6,75,0.0,0
2012-05-13 00:00:00,14.5,77,0.0,0
2012-05-13 01:00:00,13.7,81,0.0,0
2012-05-13 02:00:00,13.3,83,0.0,0
2012-05-13 03:00:00,12.6,85,0.0,1
2012-05-13 04:00:00,12.2,85,0.0,1
2012-05-13 05:00:00,11.9,85,0.0,1
2012-05-13 06:00:00,11.8,84,0.0,1
2012-05-13 07:00:00,13.5,77,0.0,1
2012-05-13 08:00:00,17.6,58,0.0,1
2012-05-13 09:00:00,20.0,51,0.0,1
2012-05-13 10:00:00,22.1,46,0.0,1
2012-05-13 11:00:00,24.2,41,0.0,1
2012-05-13 12:00:00,24.8,38,0.0,0
2012-05-13 13:00:00,26.2,35,0.0,0
2012-05-13 14:00:00,26.9,33,0.0,0
2012-05-13 15:00:00,26.9,33,0.0,0
2012-05-13 16:00:00,26.2,35,0.0,0
2012-05-13 17:00:00,25.3,37,0.0,0
2012-05-13 18:00:00,24.0,40,0.0,0
2012-05-13 19:00:00,22.0,47,0.0,0
2012-05-13 20:00:00,19.7,56,0.0,0
2012-05-13 21:00:00,18.0,63,0.0,0
2012-05-13 22:00:00,16.7,71,0.0,0
2012-05-13 23:00:00,15.8,75,0.0,0
2012-05-14 00:00:00,15.5,76,0.0,0
2012-05-14 01:00:00,15.6,74,0.0,0
2012-05-14 02:00:00,15.1,76,0.0,0
2012-05-14 03:00:00,14.4,78,0.0,1
2012-05-14 04:00:00,14.3,76,0.0,1
2012-05-14 05:00:00,14.6,73,0.0,1
2012-05-14 06:00:00,14.8,70,0.0,1
2012-05-14 07:00:00,15.3,67,0.0,1
2012-05-14 08:00:00,17.7,58,0.0,1
2012-05-14 09:00:00,20.3,50,0.0,1
2012-05-14 10:00:00,22.6,43,0.0,1
2012-05-14 11:00:00,24.4,39,0.0,0
2012-05-14 12:00:00,25.6,34,0.0,0
2012-05-14 13:00:00,26.9,31,0.0,0
2012-05-14 14:00:00,27.4,30,0.0,0
2012-05-14 15:00:00,27.4,29,0.0,0
2012-05-14 16:00:00,27.0,29,0.0,0
2012-05-14 17:00:00,26.2,29,0.0,0
2012-05-14 18:00:00,24.7,32,0.0,0
2012-05-14 19:00:00,22.5,39,0.0,0
2012-05-14 20:00:00,20.0,49,0.0,0
2012-05-14 21:00:00,18.0,59,0.0,0
2012-05-14 22:00:00,16.5,67,0.0,0
2012-05-14 23:00:00,15.2,74,0.0,0
2012-05-15 00:00:00,14.9,74,0.0,0
2012-05-15 01:00:00,14.0,77,0.0,0
2012-05-15 02:00:00,13.5,79,0.0,1
2012-05-15 03:00:00,12.7,82,0.0,1
2012-05-15 04:00:00,12.2,83,0.0,1
2012-05-15 05:00:00,11.9,82,0.0,1
2012-05-15 06:00:00,11.8,81,0.0,1
2012-05-15 07:00:00,13.3,74,0.0,1
2012-05-15 08:00:00,16.6,59,0.0,1
2012-05-15 09:00:00,18.7,52,0.0,1
2012-05-15 10:00:00,21.1,45,0.0,0
2012-05-15 11:00:00,23.3,39,0.0,0
2012-05-15 12:00:00,24.2,38,0.0,0
2012-05-15 13:00:00,25.5,36,0.0,0
2012-05-15 14:00:00,26.4,34,0.0,0
2012-05-15 15:00:00,26.6,34,0.0,0
2012-05-15 16:00:00,26.1,35,0.0,0
2012-05-15 17:00:00,25.5,35,0.0,0
2012-05-15 18:00:00,24.5,37,0.0,0
2012-05-15 19:00:00,22.9,41,0.0,0
2012-05-15 20:00:00,20.9,48,0.0,0
2012-05-15 21:00:00,19.5,54,0.0,0
2012-05-15 22:00:00,18.6,59,0.0,0
2012-05-15 23:00:00,17.5,64,0.0,0
2012-05-16 00:00:00,15.9,74,0.0,0
2012-05-16 01:00:00,15.6,72,0.0,0
2012-05-16 02:00:00,15.1,73,0.0,0
2012-05-16 03:00:00,14.6,72,0.0,1
2012-05-16 04:00:00,13.7,74,0.0,1
2012-05-16 05:00:00,13.1,73,0.0,1
2012-05-16 06:00:00,12.6,72,0.0,1
2012-05-16 07:00:00,14.3,68,0.0,1
2012-05-16 08:00:00,20.0,47,0.0,1
2012-05-16 09:00:00,23.6,32,0.0,0
2012-05-16 10:00:00,26.1,28,0.0,0
2012-05-16 11:00:00,28.2,26,0.0,0
2012-05-16 12:00:00,28.3,30,0.0,0
2012-05-16 13:00:00,29.7,29,0.0,0
2012-05-16 14:00:00,30.4,29,0.0,0
2012-05-16 15:00:00,30.5,29,0.0,0
2012-05-16 16:00:00,30.1,31,0.0,0
2012-05-16 17:00:00,29.3,32,0.0,0
2012-05-16 18:00:00,27.9,35,0.0,0
2012-05-16 19:00:00,25.8,41,0.0,0
2012-05-16 20:00:00,23.5,49,0.0,0
2012-05-16 21:00:00,22.3,54,0.0,0
2012-05-16 22:00:00,21.3,59,0.0,0
2012-05-16 23:00:00,20.9,62,0.0,0
2012-05-17 00:00:00,18.7,69,0.0,0
2012-05-17 01:00:00,18.7,68,0.0,0
2012-05-17 02:00:00,18.4,68,0.0,0
2012-05-17 03:00:00,18.0,68,0.0,1
2012-05-17 04:00:00,17.3,69,0.0,1
2012-05-17 05:00:00,17.7,64,0.0,1
2012-05-17 06:00:00,17.4,64,0.0,2
2012-05-17 07:00:00,17.9,62,0.0,2
2012-05-17 08:00:00,20.3,54,0.0,2
2012-05-17 09:00:00,22.9,43,0.0,1
2012-05-17 10:00:00,25.1,38,0.0,0
2012-05-17 11:00:00,26.5,36,0.0,0
2012-05-17 12:00:00,26.0,37,0.0,1
2012-05-17 13:00:00,26.8,37,0.0,1
2012-05-17 14:00:00,27.1,37,0.0,1
2012-05-17 15:00:00,26.8,38,0.0,0
2012-05-17 16:00:00,26.1,40,0.0,0
2012-05-17 17:00:00,25.0,43,0.0,1
2012-05-17 18:00:00,23.5,49,0.0,1
2012-05-17 19:00:00,21.1,58,0.0,1
2012-05-17 20:00:00,18.9,68,0.0,1
2012-05-17 21:00:00,17.4,75,0.0,2
2012-05-17 22:00:00,16.6,80,0.0,2
2012-05-17 23:00:00,15.7,85,0.0,1
2012-05-18 00:00:00,14.1,87,0.0,1
2012-05-18 01:00:00,14.0,88,0.0,1
2012-05-18 02:00:00,13.8,88,0.0,2
2012-05-18 03:00:00,13.7,88,0.0,1
2012-05-18 04:00:00,13.6,88,0.0,1
2012-05-18 05:00:00,13.0,91,0.0,1
2012-05-18 06:00:00,12.7,93,0.0,1
2012-05-18 07:00:00,13.7,87,0.0,1
2012-05-18 08:00:00,15.2,78,0.0,1
2012-05-18 09:00:00,17.0,68,0.0,1
2012-05-18 10:00:00,19.2,58,0.0,1
2012-05-18 11:00:00,21.1,50,0.0,0
2012-05-18 12:00:00,22.7,44,0.0,0
2012-05-18 13:00:00,23.8,42,0.0,0
2012-05-18 14:00:00,24.4,41,0.0,0
2012-05-18 15:00:00,24.0,43,0.0,0
2012-05-18 16:00:00,23.4,44,0.0,0
2012-05-18 17:00:00,22.8,45,0.0,0
2012-05-18 18:00:00,21.9,47,0.0,0
2012-05-18 19:00:00,20.1,52,0.0,0
2012-05-18 20:00:00,18.2,60,0.0,0
2012-05-18 21:00:00,16.9,66,0.0,0
2012-05-18 22:00:00,15.9,72,0.0,0
2012-05-18 23:00:00,15.1,77,0.0,1
2012-05-19 00:00:00,14.0,87,0.0,1
2012-05-19 01:00:00,14.0,87,0.0,1
2012-05-19 02:00:00,13.9,88,0.0,1
2012-05-19 03:00:00,13.8,89,0.0,3
2012-05-19 04:00:00,13.9,87,0.0,3
2012-05-19 05:00:00,13.7,85,0.0,2
2012-05-19 06:00:00,13.5,85,0.0,2
2012-05-19 07:00:00,14.2,83,0.0,2
2012-05-19 08:00:00,16.5,69,0.0,2
2012-05-19 09:00:00,19.4,57,0.0,2
2012-05-19 10:00:00,21.9,49,0.0,1
2012-05-19 11:00:00,23.8,44,0.0,0
2012-05-19 12:00:00,24.4,45,0.0,0
2012-05-19 13:00:00,25.8,42,0.0,0
2012-05-19 14:00:00,26.7,40,0.0,0
2012-05-19 15:00:00,27.2,38,0.0,0
2012-05-19 16:00:00,27.1,37,0.0,0
2012-05-19 17:00:00,26.6,37,0.0,0
2012-05-19 18:00:00,25.6,39,0.0,0
2012-05-19 19:00:00,23.6,46,0.0,0
2012-05-19 20:00:00,21.1,56,0.0,0
2012-05-19 21:00:00,19.3,64,0.0,0
2012-05-19 22:00:00,18.0,70,0.0,0
2012-05-19 23:00:00,16.9,76,0.0,0
2012-05-20 00:00:00,16.0,80,0.0,0
2012-05-20 01:00:00,15.4,83,0.0,0
2012-05-20 02:00:00,15.4,82,0.0,0
2012-05-20 03:00:00,14.9,82,0.0,1
2012-05-20 04:00:00,14.6,82,0.0,1
2012-05-20 05:00:00,14.2,82,0.0,1
2012-05-20 06:00:00,13.9,81,0.0,1
2012-05-20 07:00:00,15.7,74,0.0,1
2012-05-20 08:00:00,20.7,54,0.0,1
2012-05-20 09:00:00,24.1,40,0.0,1
2012-05-20 10:00:00,26.5,36,0.0,0
2012-05-20 11:00:00,28.5,33,0.0,0
2012-05-20 12:00:00,28.8,32,0.0,0
2012-05-20 13:00:00,30.1,31,0.0,0
2012-05-20 14:00:00,31.1,29,0.0,0
2012-05-20 15:00:00,31.8,26,0.0,0
2012-05-20 16:00:00,31.8,25,0.0,0
2012-05-20 17:00:00,30.9,26,0.0,0
2012-05-20 18:00:00,29.3,30,0.0,0
2012-05-20 19:00:00,26.9,38,0.0,0
2012-05-20 20:00:00,24.1,48,0.0,0
2012-05-20 21:00:00,22.1,56,0.0,0
2012-05-20 22:00:00,20.7,63,0.0,0
2012-05-20 23:00:00,19.6,68,0.0,0
2012-05-21 00:00:00,18.5,74,0.0,0
2012-05-21 01:00:00,18.1,74,0.0,0
2012-05-21 02:00:00,18.3,71,0.0,0
2012-05-21 03:00:00,19.0,65,0.0,1
2012-05-21 04:00:00,19.2,62,0.0,1
2012-05-21 05:00:00,19.1,60,0.0,1
2012-05-21 06:00:00,19.0,58,0.0,1
2012-05-21 07:00:00,19.5,56,0.0,1
2012-05-21 08:00:00,21.8,48,0.0,1
2012-05-21 09:00:00,24.6,39,0.0,1
2012-05-21 10:00:00,27.1,34,0.0,0
2012-05-21 11:00:00,29.0,30,0.0,0
2012-05-21 12:00:00,30.0,29,0.0,0
2012-05-21 13:00:00,31.0,28,0.0,0
2012-05-21 14:00:00,31.5,27,0.0,0
2012-05-21 15:00:00,31.4,27,0.0,0
2012-05-21 16:00:00,31.1,27,0.0,0
2012-05-21 17:00:00,30.3,28,0.0,0
2012-05-21 18:00:00,28.6,32,0.0,0
2012-05-21 19:00:00,26.4,39,0.0,0
2012-05-21 20:00:00,23.7,48,0.0,0
2012-05-21 21:00:00,21.9,56,0.0,0
2012-05-21 22:00:00,20.6,62,0.0,0
2012-05-21 23:00:00,19.6,66,0.0,0
2012-05-22 00:00:00,18.6,70,0.0,0
2012-05-22 01:00:00,17.7,74,0.0,0
2012-05-22 02:00:00,18.0,70,0.0,0
2012-05-22 03:00:00,17.6,70,0.0,1
2012-05-22 04:00:00,17.3,69,0.0,1
2012-05-22 05:00:00,16.9,68,0.0,1
2012-05-22 06:00:00,16.5,68,0.0,1
2012-05-22 07:00:00,17.4,67,0.0,1
2012-05-22 08:00:00,21.2,50,0.0,0
2012-05-22 09:00:00,23.7,41,0.0,0
2012-05-22 10:00:00,25.8,37,0.0,0
2012-05-22 11:00:00,27.7,33,0.0,1
2012-05-22 12:00:00,28.2,34,0.0,1
2012-05-22 13:00:00,29.1,34,0.0,1
2012-05-22 14:00:00,29.1,36,0.0,0
2012-05-22 15:00:00,28.8,38,0.0,0
2012-05-22 16:00:00,28.4,39,0.0,0
2012-05-22 17:00:00,27.7,40,0.0,0
2012-05-22 18:00:00,26.5,43,0.0,0
2012-05-22 19:00:00,24.8,48,0.0,0
2012-05-22 20:00:00,22.7,56,0.0,0
2012-05-22 21:00:00,21.2,62,0.0,0
2012-05-22 22:00:00,20.4,66,0.0,0
2012-05-22 23:00:00,19.6,69,0.0,0
2012-05-23 00:00:00,17.9,74,0.0,0
2012-05-23 01:00:00,17.0,78,0.0,0
2012-05-23 02:00:00,16.7,79,0.0,0
2012-05-23 03:00:00,16.8,78,0.0,2
2012-05-23 04:00:00,16.4,78,0.0,1
2012-05-23 05:00:00,16.0,79,0.0,2
2012-05-23 06:00:00,15.7,79,0.0,2
2012-05-23 07:00:00,16.2,78,0.0,2
2012-05-23 08:00:00,18.2,66,0.0,1
2012-05-23 09:00:00,20.5,57,0.0,1
2012-05-23 10:00:00,22.4,52,0.0,1
2012-05-23 11:00:00,24.4,45,0.0,0
2012-05-23 12:00:00,25.4,41,0.0,0
2012-05-23 13:00:00,26.5,38,0.0,0
2012-05-23 14:00:00,27.2,36,0.0,0
2012-05-23 15:00:00,27.3,36,0.0,0
2012-05-23 16:00:00,27.1,36,0.0,0
2012-05-23 17:00:00,26.2,39,0.0,0
2012-05-23 18:00:00,24.5,45,0.0,0
2012-05-23 19:00:00,22.3,52,0.0,0
2012-05-23 20:00:00,20.0,62,0.0,0
2012-05-23 21:00:00,18.7,68,0.0,0
2012-05-23 22:00:00,17.9,72,0.0,0
2012-05-23 23:00:00,17.1,77,0.0,0
2012-05-24 00:00:00,15.3,84,0.0,0
2012-05-24 01:00:00,14.9,87,0.0,0
2012-05-24 02:00:00,14.5,90,0.0,0
2012-05-24 03:00:00,14.3,89,0.0,1
2012-05-24 04:00:00,14.3,87,0.0,1
2012-05-24 05:00:00,14.1,86,0.0,1
2012-05-24 06:00:00,13.9,85,0.0,0
2012-05-24 07:00:00,14.7,81,0.0,0
2012-05-24 08:00:00,17.1,67,0.0,0
2012-05-24 09:00:00,18.8,61,0.0,0
2012-05-24 10:00:00,20.8,55,0.0,0
2012-05-24 11:00:00,22.6,50,0.0,0
2012-05-24 12:00:00,22.9,51,0.0,0
2012-05-24 13:00:00,23.6,49,0.0,0
2012-05-24 14:00:00,23.8,49,0.0,0
2012-05-24 15:00:00,23.6,49,0.0,3
2012-05-24 16:00:00,23.2,49,0.0,2
2012-05-24 17:00:00,22.7,50,0.0,1
2012-05-24 18:00:00,21.9,53,0.0,2
2012-05-24 19:00:00,20.1,60,0.0,2
2012-05-24 20:00:00,18.0,69,0.0,2
2012-05-24 21:00:00,16.5,76,0.0,2
2012-05-24 22:00:00,15.7,81,0.0,3
2012-05-24 23:00:00,15.1,85,0.0,3
2012-05-25 00:00:00,15.0,90,0.1,51
2012-05-25 01:00:00,14.8,90,0.0,3
2012-05-25 02:00:00,14.7,90,0.0,3
2012-05-25 03:00:00,14.6,88,0.1,51
2012-05-25 04:00:00,14.5,87,0.2,51
2012-05-25 05:00:00,14.3,86,0.2,51
2012-05-25 06:00:00,14.2,86,0.1,51
2012-05-25 07:00:00,14.3,85,0.0,3
2012-05-25 08:00:00,14.6,83,0.2,51
2012-05-25 09:00:00,15.6,76,0.2,51
2012-05-25 10:00:00,15.9,74,0.2,51
2012-05-25 11:00:00,16.7,69,0.3,51
2012-05-25 12:00:00,17.4,64,0.3,51
2012-05-25 13:00:00,18.5,57,0.0,2
2012-05-25 14:00:00,18.7,52,0.0,2
2012-05-25 15:00:00,19.0,48,0.0,1
2012-05-25 16:00:00,18.6,45,0.0,0
2012-05-25 17:00:00,17.8,41,0.0,0
2012-05-25 18:00:00,17.5,43,0.0,0
2012-05-25 19:00:00,15.8,51,0.0,0
2012-05-25 20:00:00,14.2,60,0.0,0
2012-05-25 21:00:00,13.1,67,0.0,0
2012-05-25 22:00:00,12.4,72,0.0,0
2012-05-25 23:00:00,11.6,79,0.0,1
2012-05-26 00:00:00,11.5,86,0.0,1
2012-05-26 01:00:00,11.3,86,0.0,1
2012-05-26 02:00:00,10.9,87,0.0,2
2012-05-26 03:00:00,10.7,89,0.0,1
2012-05-26 04:00:00,10.5,89,0.0,1
2012-05-26 05:00:00,10.4,89,0.0,1
2012-05-26 06:00:00,9.9,90,0.0,1
2012-05-26 07:00:00,11.2,81,0.0,1
2012-05-26 08:00:00,13.1,62,0.0,1
2012-05-26 09:00:00,14.8,54,0.0,2
2012-05-26 10:00:00,16.3,48,0.0,3
2012-05-26 11:00:00,17.6,43,0.0,3
2012-05-26 12:00:00,17.6,49,0.0,3
2012-05-26 13:00:00,18.3,47,0.0,2
2012-05-26 14:00:00,18.9,46,0.0,1
2012-05-26 15:00:00,19.3,44,0.0,1
2012-05-26 16:00:00,18.6,46,0.0,0
2012-05-26 17:00:00,18.7,45,0.0,0
2012-05-26 18:00:00,17.8,45,0.0,0
2012-05-26 19:00:00,16.7,50,0.0,0
2012-05-26 20:00:00,15.3,59,0.0,0
2012-05-26 21:00:00,14.2,66,0.0,0
2012-05-26 22:00:00,13.2,73,0.0,0
2012-05-26 23:00:00,12.4,79,0.0,0
2012-05-27 00:00:00,12.1,82,0.0,0
2012-05-27 01:00:00,11.6,84,0.0,0
2012-05-27 02:00:00,10.7,88,0.0,0
2012-05-27 03:00:00,10.1,90,0.0,0
2012-05-27 04:00:00,9.6,92,0.0,0
2012-05-27 05:00:00,9.2,92,0.0,0
2012-05-27 06:00:00,8.9,92,0.0,0
2012-05-27 07:00:00,11.6,82,0.0,0
2012-05-27 08:00:00,14.9,61,0.0,1
2012-05-27 09:00:00,17.2,53,0.0,1
2012-05-27 10:00:00,19.2,46,0.0,0
2012-05-27 11:00:00,21.1,42,0.0,0
2012-05-27 12:00:00,22.5,41,0.0,0
2012-05-27 13:00:00,23.9,39,0.0,0
2012-05-27 14:00:00,24.7,38,0.0,0
2012-05-27 15:00:00,25.0,38,0.0,0
2012-05-27 16:00:00,24.8,39,0.0,0
2012-05-27 17:00:00,24.5,39,0.0,0
2012-05-27 18:00:00,23.7,39,0.0,0
2012-05-27 19:00:00,22.4,42,0.0,0
2012-05-27 20:00:00,20.7,49,0.0,0
2012-05-27 21:00:00,19.4,55,0.0,0
2012-05-27 22:00:00,17.9,64,0.0,0
2012-05-27 23:00:00,16.4,73,0.0,0
2012-05-28 00:00:00,15.5,77,0.0,0
2012-05-28 01:00:00,14.6,81,0.0,0
2012-05-28 02:00:00,13.7,85,0.0,0
2012-05-28 03:00:00,12.9,87,0.0,1
2012-05-28 04:00:00,12.3,88,0.0,1
2012-05-28 05:00:00,11.9,88,0.0,1
2012-05-28 06:00:00,11.6,86,0.0,1
2012-05-28 07:00:00,14.0,75,0.0,0
2012-05-28 08:00:00,19.3,50,0.0,0
2012-05-28 09:00:00,22.7,35,0.0,0
2012-05-28 10:00:00,25.0,30,0.0,0
2012-05-28 11:00:00,26.8,28,0.0,0
2012-05-28 12:00:00,27.0,31,0.0,0
2012-05-28 13:00:00,27.9,30,0.0,0
2012-05-28 14:00:00,28.3,30,0.0,0
2012-05-28 15:00:00,28.3,30,0.0,0
2012-05-28 16:00:00,28.0,29,0.0,0
2012-05-28 17:00:00,27.6,28,0.0,0
2012-05-28 18:00:00,26.8,28,0.0,0
2012-05-28 19:00:00,25.4,31,0.0,0
2012-05-28 20:00:00,23.3,39,0.0,0
2012-05-28 21:00:00,21.5,46,0.0,0
2012-05-28 22:00:00,19.8,52,0.0,0
2012-05-28 23:00:00,18.2,59,0.0,0
2012-05-29 00:00:00,16.7,69,0.0,0
2012-05-29 01:00:00,15.6,75,0.0,0
2012-05-29 02:00:00,14.7,79,0.0,0
2012-05-29 03:00:00,14.0,81,0.0,2
2012-05-29 04:00:00,13.5,81,0.0,2
2012-05-29 05:00:00,13.2,80,0.0,2
2012-05-29 06:00:00,12.9,79,0.0,1
2012-05-29 07:00:00,15.2,71,0.0,1
2012-05-29 08:00:00,19.5,53,0.0,0
2012-05-29 09:00:00,21.9,46,0.0,0
2012-05-29 10:00:00,24.1,37,0.0,0
2012-05-29 11:00:00,25.9,32,0.0,0
2012-05-29 12:00:00,26.5,33,0.0,0
2012-05-29 13:00:00,27.3,32,0.0,0
2012-05-29 14:00:00,27.7,31,0.0,0
2012-05-29 15:00:00,27.8,31,0.0,0
2012-05-29 16:00:00,27.5,30,0.0,0
2012-05-29 17:00:00,26.8,32,0.0,0
2012-05-29 18:00:00,25.4,34,0.0,0
2012-05-29 19:00:00,23.9,39,0.0,0
2012-05-29 20:00:00,21.7,47,0.0,0
2012-05-29 21:00:00,19.9,55,0.0,0
2012-05-29 22:00:00,18.5,62,0.0,0
2012-05-29 23:00:00,17.5,67,0.0,0
2012-05-30 00:00:00,16.6,71,0.0,0
2012-05-30 01:00:00,15.7,76,0.0,0
2012-05-30 02:00:00,14.9,79,0.0,0
2012-05-30 03:00:00,14.2,82,0.0,0
2012-05-30 04:00:00,13.7,84,0.0,0
2012-05-30 05:00:00,13.4,85,0.0,0
2012-05-30 06:00:00,13.3,85,0.0,1
2012-05-30 07:00:00,15.7,74,0.0,1
2012-05-30 08:00:00,18.5,60,0.0,1
2012-05-30 09:00:00,20.8,52,0.0,0
2012-05-30 10:00:00,22.8,46,0.0,0
2012-05-30 11:00:00,24.7,40,0.0,0
2012-05-30 12:00:00,25.1,42,0.0,0
2012-05-30 13:00:00,26.1,40,0.0,0
2012-05-30 14:00:00,26.7,39,0.0,0
2012-05-30 15:00:00,26.6,40,0.0,0
2012-05-30 16:00:00,26.2,40,0.0,0
2012-05-30 17:00:00,25.3,42,0.0,0
2012-05-30 18:00:00,23.8,45,0.0,0
2012-05-30 19:00:00,22.1,51,0.0,0
2012-05-30 20:00:00,20.3,58,0.0,0
2012-05-30 21:00:00,19.0,63,0.0,0
2012-05-30 22:00:00,18.0,69,0.0,0
2012-05-30 23:00:00,17.2,74,0.0,0
2012-05-31 00:00:00,16.5,76,0.0,0
2012-05-31 01:00:00,15.7,82,0.0,0
2012-05-31 02:00:00,15.4,83,0.0,0
2012-05-31 03:00:00,14.9,85,0.0,1
2012-05-31 04:00:00,14.2,87,0.0,1
2012-05-31 05:00:00,13.7,87,0.0,1
2012-05-31 06:00:00,13.5,85,0.0,1
2012-05-31 07:00:00,15.8,76,0.0,1
2012-05-31 08:00:00,20.6,55,0.0,1
2012-05-31 09:00:00,23.3,46,0.0,1
2012-05-31 10:00:00,25.9,40,0.0,0
2012-05-31 11:00:00,28.5,35,0.0,0
2012-05-31 12:00:00,29.3,34,0.0,0
2012-05-31 13:00:00,30.0,34,0.0,0
2012-05-31 14:00:00,30.2,35,0.0,0
2012-05-31 15:00:00,30.3,35,0.0,0
2012-05-31 16:00:00,30.3,34,0.0,0
2012-05-31 17:00:00,29.8,33,0.0,0
2012-05-31 18:00:00,28.4,36,0.0,0
2012-05-31 19:00:00,26.5,41,0.0,0
2012-05-31 20:00:00,24.1,49,0.0,0
2012-05-31 21:00:00,22.0,57,0.0,0
2012-05-31 22:00:00,20.6,63,0.0,0
2012-05-31 23:00:00,19.4,68,0.0,0
2012-06-01 00:00:00,18.1,77,0.0,0
2012-06-01 01:00:00,18.0,77,0.0,0
2012-06-01 02:00:00,17.9,76,0.0,0
2012-06-01 03:00:00,17.8,76,0.0,2
2012-06-01 04:00:00,17.7,75,0.0,2
2012-06-01 05:00:00,17.8,73,0.0,2
2012-06-01 06:00:00,17.9,72,0.0,2
2012-06-01 07:00:00,18.7,69,0.0,2
2012-06-01 08:00:00,20.8,59,0.0,1
2012-06-01 09:00:00,23.2,51,0.0,1
2012-06-01 10:00:00,25.1,46,0.0,1
2012-06-01 11:00:00,26.9,41,0.0,0
2012-06-01 12:00:00,27.3,37,0.0,0
2012-06-01 13:00:00,28.0,36,0.0,0
2012-06-01 14:00:00,28.7,34,0.0,0
2012-06-01 15:00:00,28.6,35,0.0,0
2012-06-01 16:00:00,27.8,37,0.0,0
2012-06-01 17:00:00,26.8,39,0.0,0
2012-06-01 18:00:00,25.6,42,0.0,0
2012-06-01 19:00:00,24.0,47,0.0,0
2012-06-01 20:00:00,21.9,55,0.0,0
2012-06-01 21:00:00,20.3,61,0.0,0
2012-06-01 22:00:00,19.2,66,0.0,0
2012-06-01 23:00:00,18.4,70,0.0,0
2012-06-02 00:00:00,16.7,70,0.0,0
2012-06-02 01:00:00,16.2,73,0.0,0
2012-06-02 02:00:00,15.7,76,0.0,0
2012-06-02 03:00:00,15.4,76,0.0,1
2012-06-02 04:00:00,15.2,77,0.0,2
2012-06-02 05:00:00,14.7,79,0.0,2
2012-06-02 06:00:00,14.6,79,0.0,1
2012-06-02 07:00:00,15.1,82,0.0,2
2012-06-02 08:00:00,17.9,64,0.0,2
2012-06-02 09:00:00,20.0,56,0.0,1
2012-06-02 10:00:00,22.1,49,0.0,0
2012-06-02 11:00:00,23.8,44,0.0,0
2012-06-02 12:00:00,24.5,41,0.0,0
2012-06-02 13:00:00,25.7,38,0.0,0
2012-06-02 14:00:00,26.5,37,0.0,0
2012-06-02 15:00:00,26.4,37,0.0,0
2012-06-02 16:00:00,25.6,39,0.0,0
2012-06-02 17:00:00,24.3,43,0.0,0
2012-06-02 18:00:00,23.0,46,0.0,0
2012-06-02 19:00:00,21.5,51,0.0,0
2012-06-02 20:00:00,19.6,57,0.0,0
2012-06-02 21:00:00,18.2,63,0.0,0
2012-06-02 22:00:00,17.3,68,0.0,0
2012-06-02 23:00:00,16.6,71,0.0,0
2012-06-03 00:00:00,16.1,73,0.0,0
2012-06-03 01:00:00,15.7,75,0.0,1
2012-06-03 02:00:00,15.3,78,0.0,1
2012-06-03 03:00:00,14.8,81,0.0,2
2012-06-03 04:00:00,14.5,84,0.0,2
2012-06-03 05:00:00,14.4,84,0.0,2
2012-06-03 06:00:00,14.0,88,0.0,2
2012-06-03 07:00:00,15.5,80,0.0,1
2012-06-03 08:00:00,18.0,68,0.0,1
2012-06-03 09:00:00,20.0,60,0.0,0
2012-06-03 10:00:00,21.7,54,0.0,0
2012-06-03 11:00:00,22.9,50,0.0,0
2012-06-03 12:00:00,23.4,49,0.0,0
2012-06-03 13:00:00,24.1,47,0.0,0
2012-06-03 14:00:00,24.8,44,0.0,0
2012-06-03 15:00:00,25.2,42,0.0,0
2012-06-03 16:00:00,25.0,42,0.0,0
2012-06-03 17:00:00,24.4,43,0.0,0
2012-06-03 18:00:00,23.2,47,0.0,0
2012-06-03 19:00:00,21.3,54,0.0,0
2012-06-03 20:00:00,19.2,62,0.0,0
2012-06-03 21:00:00,17.7,69,0.0,0
2012-06-03 22:00:00,16.7,75,0.0,0
2012-06-03 23:00:00,15.9,79,0.0,1
2012-06-04 00:00:00,15.1,82,0.0,1
2012-06-04 01:00:00,14.9,83,0.0,1
2012-06-04 02:00:00,14.6,85,0.0,1
2012-06-04 03:00:00,14.7,85,0.0,2
2012-06-04 04:00:00,14.5,86,0.0,2
2012-06-04 05:00:00,14.1,89,0.0,2
2012-06-04 06:00:00,14.1,89,0.0,2
2012-06-04 07:00:00,15.2,83,0.0,2
2012-06-04 08:00:00,16.8,75,0.0,2
2012-06-04 09:00:00,18.4,68,0.0,2
2012-06-04 10:00:00,19.8,61,0.0,1
2012-06-04 11:00:00,21.6,54,0.0,1
2012-06-04 12:00:00,22.5,52,0.0,0
2012-06-04 13:00:00,23.1,50,0.0,0
2012-06-04 14:00:00,23.2,49,0.0,1
2012-06-04 15:00:00,23.3,48,0.0,3
2012-06-04 16:00:00,23.0,49,0.0,1
2012-06-04 17:00:00,22.5,51,0.0,2
2012-06-04 18:00:00,22.0,54,0.0,1
2012-06-04 19:00:00,20.4,61,0.0,0
2012-06-04 20:00:00,18.6,69,0.0,0
2012-06-04 21:00:00,17.4,76,0.0,1
2012-06-04 22:00:00,16.6,81,0.0,1
2012-06-04 23:00:00,16.0,84,0.0,1
2012-06-05 00:00:00,15.3,86,0.0,1
2012-06-05 01:00:00,15.0,88,0.0,1
2012-06-05 02:00:00,14.6,90,0.0,1
2012-06-05 03:00:00,14.6,90,0.0,3
2012-06-05 04:00:00,14.5,91,0.0,3
2012-06-05 05:00:00,14.5,91,0.0,2
2012-06-05 06:00:00,14.1,92,0.0,1
2012-06-05 07:00:00,14.9,87,0.0,1
2012-06-05 08:00:00,16.9,68,0.0,1
2012-06-05 09:00:00,18.5,55,0.0,1
2012-06-05 10:00:00,20.4,44,0.0,1
2012-06-05 11:00:00,22.0,38,0.0,1
2012-06-05 12:00:00,23.6,27,0.0,1
2012-06-05 13:00:00,24.6,26,0.0,1
2012-06-05 14:00:00,25.5,25,0.0,0
2012-06-05 15:00:00,25.4,27,0.0,1
2012-06-05 16:00:00,24.7,30,0.0,2
2012-06-05 17:00:00,23.8,33,0.0,1
2012-06-05 18:00:00,23.2,35,0.0,0
2012-06-05 19:00:00,22.2,37,0.0,0
2012-06-05 20:00:00,20.6,42,0.0,0
2012-06-05 21:00:00,19.3,49,0.0,0
2012-06-05 22:00:00,18.2,54,0.0,0
2012-06-05 23:00:00,17.0,59,0.0,0
2012-06-06 00:00:00,15.9,63,0.0,0
2012-06-06 01:00:00,14.9,66,0.0,0
2012-06-06 02:00:00,13.9,69,0.0,0
2012-06-06 03:00:00,13.1,70,0.0,0
2012-06-06 04:00:00,12.5,70,0.0,0
2012-06-06 05:00:00,12.0,67,0.0,1
2012-06-06 06:00:00,11.6,64,0.0,1
2012-06-06 07:00:00,13.7,53,0.0,1
2012-06-06 08:00:00,17.9,35,0.0,3
2012-06-06 09:00:00,21.0,27,0.0,3
2012-06-06 10:00:00,23.8,22,0.0,2
2012-06-06 11:00:00,26.3,18,0.0,1
2012-06-06 12:00:00,27.4,16,0.0,0
2012-06-06 13:00:00,28.9,16,0.0,0
2012-06-06 14:00:00,29.7,16,0.0,0
2012-06-06 15:00:00,29.5,18,0.0,0
2012-06-06 16:00:00,28.9,21,0.0,0
2012-06-06 17:00:00,28.3,23,0.0,0
2012-06-06 18:00:00,27.1,25,0.0,0
2012-06-06 19:00:00,25.7,28,0.0,0
2012-06-06 20:00:00,23.5,35,0.0,0
2012-06-06 21:00:00,21.7,42,0.0,0
2012-06-06 22:00:00,20.2,49,0.0,0
2012-06-06 23:00:00,19.0,54,0.0,0
2012-06-07 00:00:00,17.6,61,0.0,0
2012-06-07 01:00:00,16.5,65,0.0,0
2012-06-07 02:00:00,15.4,68,0.0,0
2012-06-07 03:00:00,14.6,69,0.0,0
2012-06-07 04:00:00,13.9,68,0.0,0
2012-06-07 05:00:00,13.5,66,0.0,0
2012-06-07 06:00:00,13.3,64,0.0,0
2012-06-07 07:00:00,15.6,56,0.0,0
2012-06-07 08:00:00,20.7,36,0.0,0
2012-06-07 09:00:00,23.7,26,0.0,0
2012-06-07 10:00:00,26.1,23,0.0,0
2012-06-07 11:00:00,28.3,21,0.0,0
2012-06-07 12:00:00,28.5,26,0.0,0
2012-06-07 13:00:00,29.4,27,0.0,0
2012-06-07 14:00:00,29.8,28,0.0,0
2012-06-07 15:00:00,29.4,31,0.0,0
2012-06-07 16:00:00,29.1,31,0.0,0
2012-06-07 17:00:00,28.7,30,0.0,0
2012-06-07 18:00:00,27.6,30,0.0,0
2012-06-07 19:00:00,25.9,34,0.0,0
2012-06-07 20:00:00,23.4,41,0.0,0
2012-06-07 21:00:00,21.2,50,0.0,0
2012-06-07 22:00:00,19.7,56,0.0,0
2012-06-07 23:00:00,18.6,62,0.0,0
2012-06-08 00:00:00,17.5,69,0.0,0
2012-06-08 01:00:00,17.2,71,0.0,0
2012-06-08 02:00:00,17.4,70,0.0,0
2012-06-08 03:00:00,17.3,71,0.0,0
2012-06-08 04:00:00,17.2,71,0.0,1
2012-06-08 05:00:00,17.1,70,0.0,0
2012-06-08 06:00:00,17.0,69,0.0,1
2012-06-08 07:00:00,17.6,67,0.0,1
2012-06-08 08:00:00,20.0,55,0.0,1
2012-06-08 09:00:00,22.3,47,0.0,0
2012-06-08 10:00:00,24.4,41,0.0,0
2012-06-08 11:00:00,26.1,38,0.0,0
2012-06-08 12:00:00,25.8,39,0.0,0
2012-06-08 13:00:00,26.3,39,0.0,0
2012-06-08 14:00:00,26.5,39,0.0,0
2012-06-08 15:00:00,26.4,39,0.0,0
2012-06-08 16:00:00,26.0,39,0.0,0
2012-06-08 17:00:00,25.2,40,0.0,0
2012-06-08 18:00:00,24.0,43,0.0,0
2012-06-08 19:00:00,22.3,47,0.0,0
2012-06-08 20:00:00,20.4,54,0.0,0
2012-06-08 21:00:00,18.8,61,0.0,0
2012-06-08 22:00:00,17.8,66,0.0,0
2012-06-08 23:00:00,17.0,71,0.0,0
2012-06-09 00:00:00,15.7,72,0.0,0
2012-06-09 01:00:00,15.4,74,0.0,0
2012-06-09 02:00:00,15.0,78,0.0,0
2012-06-09 03:00:00,14.7,79,0.0,0
2012-06-09 04:00:00,14.2,82,0.0,1
2012-06-09 05:00:00,13.8,85,0.0,1
2012-06-09 06:00:00,13.7,85,0.0,1
2012-06-09 07:00:00,14.4,85,0.0,0
2012-06-09 08:00:00,17.1,67,0.0,0
2012-06-09 09:00:00,19.2,58,0.0,0
2012-06-09 10:00:00,21.1,51,0.0,0
2012-06-09 11:00:00,22.7,46,0.0,0
2012-06-09 12:00:00,22.2,47,0.0,0
2012-06-09 13:00:00,23.0,45,0.0,0
2012-06-09 14:00:00,23.6,44,0.0,0
2012-06-09 15:00:00,24.0,43,0.0,0
2012-06-09 16:00:00,23.8,43,0.0,0
2012-06-09 17:00:00,23.0,46,0.0,0
2012-06-09 18:00:00,21.7,50,0.0,0
2012-06-09 19:00:00,20.1,55,0.0,0
2012-06-09 20:00:00,18.3,62,0.0,0
2012-06-09 21:00:00,17.0,68,0.0,0
2012-06-09 22:00:00,16.3,72,0.0,0
2012-06-09 23:00:00,15.6,76,0.0,0
2012-06-10 00:00:00,15.1,79,0.0,0
2012-06-10 01:00:00,14.5,83,0.0,0
2012-06-10 02:00:00,14.0,86,0.0,0
2012-06-10 03:00:00,13.6,88,0.0,2
2012-06-10 04:00:00,13.2,89,0.0,2
2012-06-10 05:00:00,13.1,88,0.0,1
2012-06-10 06:00:00,12.9,86,0.0,2
2012-06-10 07:00:00,14.2,84,0.0,2
2012-06-10 08:00:00,16.8,69,0.0,2
2012-06-10 09:00:00,19.4,59,0.0,2
2012-06-10 10:00:00,21.8,52,0.0,2
2012-06-10 11:00:00,23.6,48,0.0,1
2012-06-10 12:00:00,23.5,48,0.0,0
2012-06-10 13:00:00,24.4,47,0.0,0
2012-06-10 14:00:00,25.1,45,0.0,0
2012-06-10 15:00:00,25.3,44,0.0,0
2012-06-10 16:00:00,25.1,45,0.0,0
2012-06-10 17:00:00,24.6,46,0.0,0
2012-06-10 18:00:00,23.5,49,0.0,0
2012-06-10 19:00:00,21.7,55,0.0,0
2012-06-10 20:00:00,19.4,64,0.0,0
2012-06-10 21:00:00,17.6,73,0.0,0
2012-06-10 22:00:00,16.4,78,0.0,1
2012-06-10 23:00:00,15.6,83,0.0,1
2012-06-11 00:00:00,15.3,83,0.0,0
2012-06-11 01:00:00,14.6,86,0.0,0
2012-06-11 02:00:00,14.1,88,0.0,0
2012-06-11 03:00:00,14.0,86,0.0,0
2012-06-11 04:00:00,14.5,81,0.0,1
2012-06-11 05:00:00,15.1,75,0.0,1
2012-06-11 06:00:00,15.3,72,0.0,1
2012-06-11 07:00:00,16.1,68,0.0,1
2012-06-11 08:00:00,18.6,59,0.0,1
2012-06-11 09:00:00,21.0,52,0.0,1
2012-06-11 10:00:00,23.2,47,0.0,1
2012-06-11 11:00:00,25.1,43,0.0,0
2012-06-11 12:00:00,25.3,43,0.0,0
2012-06-11 13:00:00,26.5,40,0.0,0
2012-06-11 14:00:00,27.4,37,0.0,0
2012-06-11 15:00:00,28.1,35,0.0,0
2012-06-11 16:00:00,28.1,34,0.0,0
2012-06-11 17:00:00,27.5,36,0.0,0
2012-06-11 18:00:00,26.2,40,0.0,0
2012-06-11 19:00:00,24.1,48,0.0,0
2012-06-11 20:00:00,21.5,58,0.0,0
2012-06-11 21:00:00,19.6,66,0.0,0
2012-06-11 22:00:00,18.5,71,0.0,0
2012-06-11 23:00:00,17.4,77,0.0,1
2012-06-12 00:00:00,16.0,81,0.0,1
2012-06-12 01:00:00,15.8,82,0.0,1
2012-06-12 02:00:00,15.8,82,0.0,1
2012-06-12 03:00:00,15.6,81,0.0,3
2012-06-12 04:00:00,15.4,81,0.0,3
2012-06-12 05:00:00,15.4,79,0.0,3
2012-06-12 06:00:00,15.9,75,0.0,2
2012-06-12 07:00:00,17.6,67,0.0,2
2012-06-12 08:00:00,20.3,55,0.0,1
2012-06-12 09:00:00,22.7,48,0.0,1
2012-06-12 10:00:00,24.7,44,0.0,0
2012-06-12 11:00:00,26.4,40,0.0,0
2012-06-12 12:00:00,27.0,37,0.0,0
2012-06-12 13:00:00,27.7,36,0.0,0
2012-06-12 14:00:00,28.1,36,0.0,0
2012-06-12 15:00:00,28.2,35,0.0,0
2012-06-12 16:00:00,28.2,35,0.0,0
2012-06-12 17:00:00,27.9,35,0.0,0
2012-06-12 18:00:00,26.8,38,0.0,0
2012-06-12 19:00:00,24.8,44,0.0,0
2012-06-12 20:00:00,22.3,54,0.0,0
2012-06-12 21:00:00,20.1,63,0.0,0
2012-06-12 22:00:00,18.7,70,0.0,0
2012-06-12 23:00:00,17.7,75,0.0,0
2012-06-13 00:00:00,16.5,78,0.0,0
2012-06-13 01:00:00,16.1,79,0.0,0
2012-06-13 02:00:00,16.2,78,0.0,0
2012-06-13 03:00:00,16.2,78,0.0,1
2012-06-13 04:00:00,16.1,78,0.0,2
2012-06-13 05:00:00,16.0,77,0.0,2
2012-06-13 06:00:00,15.6,78,0.0,2
2012-06-13 07:00:00,16.5,74,0.0,1
2012-06-13 08:00:00,18.5,64,0.0,1
2012-06-13 09:00:00,20.6,57,0.0,0
2012-06-13 10:00:00,22.4,52,0.0,0
2012-06-13 11:00:00,24.3,45,0.0,0
2012-06-13 12:00:00,24.4,43,0.0,0
2012-06-13 13:00:00,25.3,41,0.0,0
2012-06-13 14:00:00,25.8,40,0.0,0
2012-06-13 15:00:00,26.0,39,0.0,0
2012-06-13 16:00:00,25.7,40,0.0,0
2012-06-13 17:00:00,25.1,42,0.0,0
2012-06-13 18:00:00,24.1,45,0.0,0
2012-06-13 19:00:00,22.5,50,0.0,0
2012-06-13 20:00:00,20.3,59,0.0,0
2012-06-13 21:00:00,18.8,67,0.0,0
2012-06-13 22:00:00,17.8,72,0.0,0
2012-06-13 23:00:00,16.9,78,0.0,0
2012-06-14 00:00:00,15.7,78,0.0,0
2012-06-14 01:00:00,15.2,80,0.0,0
2012-06-14 02:00:00,14.8,83,0.0,0
2012-06-14 03:00:00,14.2,86,0.0,1
2012-06-14 04:00:00,13.5,90,0.0,0
2012-06-14 05:00:00,13.3,90,0.0,0
2012-06-14 06:00:00,13.5,88,0.0,1
2012-06-14 07:00:00,14.4,84,0.0,1
2012-06-14 08:00:00,16.6,73,0.0,1
2012-06-14 09:00:00,18.8,63,0.0,0
2012-06-14 10:00:00,20.9,55,0.0,0
2012-06-14 11:00:00,22.4,50,0.0,0
2012-06-14 12:00:00,23.5,45,0.0,0
2012-06-14 13:00:00,24.4,43,0.0,0
2012-06-14 14:00:00,25.0,41,0.0,0
2012-06-14 15:00:00,25.4,40,0.0,0
2012-06-14 16:00:00,25.1,40,0.0,0
2012-06-14 17:00:00,24.4,42,0.0,0
2012-06-14 18:00:00,23.2,46,0.0,0
2012-06-14 19:00:00,21.5,52,0.0,0
2012-06-14 20:00:00,19.4,60,0.0,0
2012-06-14 21:00:00,17.7,68,0.0,0
2012-06-14 22:00:00,16.6,74,0.0,0
2012-06-14 23:00:00,15.8,78,0.0,1
2012-06-15 00:00:00,14.8,83,0.0,1
2012-06-15 01:00:00,14.4,85,0.0,1
2012-06-15 02:00:00,14.3,85,0.0,1
2012-06-15 03:00:00,13.8,89,0.0,1
2012-06-15 04:00:00,13.7,89,0.0,1
2012-06-15 05:00:00,13.5,90,0.0,2
2012-06-15 06:00:00,13.5,89,0.0,2
2012-06-15 07:00:00,14.6,83,0.0,2
2012-06-15 08:00:00,16.3,74,0.0,1
2012-06-15 09:00:00,18.4,65,0.0,1
2012-06-15 10:00:00,20.6,57,0.0,1
2012-06-15 11:00:00,22.7,50,0.0,0
2012-06-15 12:00:00,23.1,49,0.0,0
2012-06-15 13:00:00,24.3,45,0.0,0
2012-06-15 14:00:00,25.3,42,0.0,0
2012-06-15 15:00:00,25.6,40,0.0,0
2012-06-15 16:00:00,25.1,41,0.0,0
2012-06-15 17:00:00,24.1,43,0.0,0
2012-06-15 18:00:00,22.6,47,0.0,0
2012-06-15 19:00:00,20.7,53,0.0,0
2012-06-15 20:00:00,18.8,61,0.0,0
2012-06-15 21:00:00,17.5,66,0.0,0
2012-06-15 22:00:00,16.9,69,0.0,0
2012-06-15 23:00:00,16.4,72,0.0,0
2012-06-16 00:00:00,15.8,77,0.0,0
2012-06-16 01:00:00,15.4,79,0.0,0
2012-06-16 02:00:00,15.0,83,0.0,0
2012-06-16 03:00:00,14.9,83,0.0,1
2012-06-16 04:00:00,15.1,82,0.0,1
2012-06-16 05:00:00,15.2,81,0.0,1
2012-06-16 06:00:00,15.3,81,0.0,1
2012-06-16 07:00:00,16.3,77,0.0,2
2012-06-16 08:00:00,19.3,64,0.0,1
2012-06-16 09:00:00,21.9,55,0.0,1
2012-06-16 10:00:00,24.3,48,0.0,0
2012-06-16 11:00:00,26.2,44,0.0,0
2012-06-16 12:00:00,26.2,43,0.0,0
2012-06-16 13:00:00,26.8,42,0.0,0
2012-06-16 14:00:00,27.0,42,0.0,0
2012-06-16 15:00:00,27.0,42,0.0,0
2012-06-16 16:00:00,27.0,41,0.0,0
2012-06-16 17:00:00,26.8,39,0.0,0
2012-06-16 18:00:00,26.0,40,0.0,0
2012-06-16 19:00:00,24.3,45,0.0,0
2012-06-16 20:00:00,22.4,52,0.0,0
2012-06-16 21:00:00,21.0,58,0.0,0
2012-06-16 22:00:00,20.1,63,0.0,0
2012-06-16 23:00:00,19.4,68,0.0,0
2012-06-17 00:00:00,18.4,70,0.0,0
2012-06-17 01:00:00,17.6,73,0.0,0
2012-06-17 02:00:00,16.6,78,0.0,0
2012-06-17 03:00:00,16.1,79,0.0,2
2012-06-17 04:00:00,15.6,80,0.0,2
2012-06-17 05:00:00,15.2,80,0.0,1
2012-06-17 06:00:00,14.9,79,0.0,1
2012-06-17 07:00:00,17.1,73,0.0,1
2012-06-17 08:00:00,22.8,51,0.0,1
2012-06-17 09:00:00,25.8,40,0.0,1
2012-06-17 10:00:00,28.0,36,0.0,1
2012-06-17 11:00:00,29.8,33,0.0,0
2012-06-17 12:00:00,29.2,33,0.0,0
2012-06-17 13:00:00,30.4,31,0.0,0
2012-06-17 14:00:00,31.4,28,0.0,0
2012-06-17 15:00:00,32.1,26,0.0,0
2012-06-17 16:00:00,32.0,26,0.0,0
2012-06-17 17:00:00,31.1,27,0.0,0
2012-06-17 18:00:00,29.3,31,0.0,0
2012-06-17 19:00:00,27.0,39,0.0,0
2012-06-17 20:00:00,24.4,48,0.0,0
2012-06-17 21:00:00,22.3,56,0.0,0
2012-06-17 22:00:00,21.0,62,0.0,0
2012-06-17 23:00:00,19.8,68,0.0,0
2012-06-18 00:00:00,19.0,71,0.0,0
2012-06-18 01:00:00,19.0,71,0.0,0
2012-06-18 02:00:00,18.4,73,0.0,0
2012-06-18 03:00:00,18.2,73,0.0,2
2012-06-18 04:00:00,18.3,71,0.0,2
2012-06-18 05:00:00,18.3,69,0.0,2
2012-06-18 06:00:00,18.1,68,0.0,2
2012-06-18 07:00:00,18.7,66,0.0,2
2012-06-18 08:00:00,21.0,55,0.0,1
2012-06-18 09:00:00,23.3,47,0.0,1
2012-06-18 10:00:00,25.1,43,0.0,1
2012-06-18 11:00:00,26.7,40,0.0,1
2012-06-18 12:00:00,27.5,35,0.0,1
2012-06-18 13:00:00,28.9,32,0.0,0
2012-06-18 14:00:00,29.7,31,0.0,0
2012-06-18 15:00:00,29.4,31,0.0,0
2012-06-18 16:00:00,28.5,33,0.0,0
2012-06-18 17:00:00,27.4,35,0.0,0
2012-06-18 18:00:00,26.1,39,0.0,0
2012-06-18 19:00:00,24.2,45,0.0,0
2012-06-18 20:00:00,21.7,55,0.0,0
2012-06-18 21:00:00,19.7,64,0.0,0
2012-06-18 22:00:00,18.5,71,0.0,0
2012-06-18 23:00:00,17.5,76,0.0,0
2012-06-19 00:00:00,16.8,73,0.0,0
2012-06-19 01:00:00,16.2,77,0.0,1
2012-06-19 02:00:00,15.7,80,0.0,1
2012-06-19 03:00:00,15.1,83,0.0,2
2012-06-19 04:00:00,14.6,86,0.0,2
2012-06-19 05:00:00,14.2,87,0.0,1
2012-06-19 06:00:00,13.8,89,0.0,1
2012-06-19 07:00:00,15.1,82,0.0,2
2012-06-19 08:00:00,17.9,66,0.0,2
2012-06-19 09:00:00,20.1,57,0.0,2
2012-06-19 10:00:00,22.3,49,0.0,1
2012-06-19 11:00:00,24.0,45,0.0,1
2012-06-19 12:00:00,24.6,41,0.0,0
2012-06-19 13:00:00,25.7,40,0.0,0
2012-06-19 14:00:00,26.3,38,0.0,0
2012-06-19 15:00:00,26.6,37,0.0,0
2012-06-19 16:00:00,26.4,38,0.0,0
2012-06-19 17:00:00,25.6,40,0.0,0
2012-06-19 18:00:00,24.1,44,0.0,0
2012-06-19 19:00:00,22.2,50,0.0,0
2012-06-19 20:00:00,20.1,57,0.0,0
2012-06-19 21:00:00,18.6,63,0.0,0
2012-06-19 22:00:00,17.7,68,0.0,0
2012-06-19 23:00:00,17.0,72,0.0,0
2012-06-20 00:00:00,16.3,73,0.0,0
2012-06-20 01:00:00,15.8,76,0.0,0
2012-06-20 02:00:00,15.5,78,0.0,0
2012-06-20 03:00:00,15.0,81,0.0,1
2012-06-20 04:00:00,14.7,82,0.0,1
2012-06-20 05:00:00,14.9,80,0.0,1
2012-06-20 06:00:00,15.3,78,0.0,1
2012-06-20 07:00:00,16.2,74,0.0,2
2012-06-20 08:00:00,18.5,62,0.0,2
2012-06-20 09:00:00,20.5,55,0.0,1
2012-06-20 10:00:00,22.6,49,0.0,0
2012-06-20 11:00:00,24.5,44,0.0,0
2012-06-20 12:00:00,24.9,43,0.0,0
2012-06-20 13:00:00,25.6,42,0.0,0
2012-06-20 14:00:00,26.0,41,0.0,0
2012-06-20 15:00:00,26.5,39,0.0,0
2012-06-20 16:00:00,27.0,37,0.0,0
2012-06-20 17:00:00,26.8,37,0.0,0
2012-06-20 18:00:00,25.9,39,0.0,0
2012-06-20 19:00:00,24.0,45,0.0,0
2012-06-20 20:00:00,21.6,54,0.0,0
2012-06-20 21:00:00,19.8,61,0.0,0
2012-06-20 22:00:00,18.8,66,0.0,0
2012-06-20 23:00:00,17.9,71,0.0,0
2012-06-21 00:00:00,17.0,72,0.0,0
2012-06-21 01:00:00,16.8,74,0.0,0
2012-06-21 02:00:00,16.4,76,0.0,0
2012-06-21 03:00:00,15.9,78,0.0,1
2012-06-21 04:00:00,15.7,79,0.0,1
2012-06-21 05:00:00,16.0,76,0.0,1
2012-06-21 06:00:00,16.3,74,0.0,1
2012-06-21 07:00:00,16.9,72,0.0,2
2012-06-21 08:00:00,18.8,63,0.0,2
2012-06-21 09:00:00,21.2,54,0.0,1
2012-06-21 10:00:00,23.6,47,0.0,1
2012-06-21 11:00:00,25.6,41,0.0,0
2012-06-21 12:00:00,24.7,43,0.0,0
2012-06-21 13:00:00,25.8,41,0.0,0
2012-06-21 14:00:00,26.5,40,0.0,0
2012-06-21 15:00:00,26.8,39,0.0,0
2012-06-21 16:00:00,26.6,40,0.0,0
2012-06-21 17:00:00,25.9,42,0.0,0
2012-06-21 18:00:00,24.7,45,0.0,0
2012-06-21 19:00:00,22.9,51,0.0,0
2012-06-21 20:00:00,20.8,59,0.0,0
2012-06-21 21:00:00,19.1,66,0.0,0
2012-06-21 22:00:00,18.2,71,0.0,0
2012-06-21 23:00:00,17.4,76,0.0,0
2012-06-22 00:00:00,16.4,76,0.0,0
2012-06-22 01:00:00,15.7,81,0.0,0
2012-06-22 02:00:00,14.7,87,0.0,0
2012-06-22 03:00:00,14.2,90,0.0,1
2012-06-22 04:00:00,14.0,89,0.0,1
2012-06-22 05:00:00,13.4,92,0.0,1
2012-06-22 06:00:00,13.1,92,0.0,1
2012-06-22 07:00:00,15.6,81,0.0,1
2012-06-22 08:00:00,18.7,64,0.0,0
2012-06-22 09:00:00,20.8,56,0.0,0
2012-06-22 10:00:00,23.1,48,0.0,0
2012-06-22 11:00:00,25.0,42,0.0,0
2012-06-22 12:00:00,24.8,40,0.0,0
2012-06-22 13:00:00,26.0,37,0.0,0
2012-06-22 14:00:00,26.7,35,0.0,0
2012-06-22 15:00:00,26.9,34,0.0,0
2012-06-22 16:00:00,26.6,34,0.0,0
2012-06-22 17:00:00,25.8,35,0.0,0
2012-06-22 18:00:00,24.5,38,0.0,0
2012-06-22 19:00:00,22.8,43,0.0,0
2012-06-22 20:00:00,20.7,52,0.0,0
2012-06-22 21:00:00,19.0,60,0.0,0
2012-06-22 22:00:00,17.9,66,0.0,0
2012-06-22 23:00:00,17.1,71,0.0,0
2012-06-23 00:00:00,16.4,72,0.0,0
2012-06-23 01:00:00,15.7,77,0.0,0
2012-06-23 02:00:00,15.1,81,0.0,0
2012-06-23 03:00:00,14.4,85,0.0,0
2012-06-23 04:00:00,13.9,88,0.0,1
2012-06-23 05:00:00,13.6,89,0.0,1
2012-06-23 06:00:00,13.3,90,0.0,1
2012-06-23 07:00:00,15.7,80,0.0,0
2012-06-23 08:00:00,18.6,65,0.0,0
2012-06-23 09:00:00,20.9,55,0.0,0
2012-06-23 10:00:00,22.9,47,0.0,0
2012-06-23 11:00:00,24.6,42,0.0,0
2012-06-23 12:00:00,24.4,42,0.0,0
2012-06-23 13:00:00,25.6,39,0.0,0
2012-06-23 14:00:00,26.4,37,0.0,0
2012-06-23 15:00:00,26.7,37,0.0,0
2012-06-23 16:00:00,26.4,37,0.0,0
2012-06-23 17:00:00,25.5,39,0.0,0
2012-06-23 18:00:00,24.7,42,0.0,0
2012-06-23 19:00:00,23.3,46,0.0,0
2012-06-23 20:00:00,21.6,53,0.0,0
2012-06-23 21:00:00,20.1,59,0.0,0
2012-06-23 22:00:00,19.0,66,0.0,0
2012-06-23 23:00:00,18.1,70,0.0,0
2012-06-24 00:00:00,17.4,74,0.0,0
2012-06-24 01:00:00,16.5,79,0.0,0
2012-06-24 02:00:00,15.9,82,0.0,0
2012-06-24 03:00:00,15.3,85,0.0,1
2012-06-24 04:00:00,14.8,87,0.0,1
2012-06-24 05:00:00,14.4,87,0.0,1
2012-06-24 06:00:00,13.9,88,0.0,1
2012-06-24 07:00:00,16.0,79,0.0,1
2012-06-24 08:00:00,19.3,57,0.0,0
2012-06-24 09:00:00,21.7,48,0.0,0
2012-06-24 10:00:00,23.6,43,0.0,0
2012-06-24 11:00:00,25.3,38,0.0,0
2012-06-24 12:00:00,26.5,37,0.0,0
2012-06-24 13:00:00,27.8,33,0.0,0
2012-06-24 14:00:00,28.6,31,0.0,0
2012-06-24 15:00:00,28.8,30,0.0,0
2012-06-24 16:00:00,28.4,30,0.0,0
2012-06-24 17:00:00,27.6,31,0.0,0
2012-06-24 18:00:00,26.3,34,0.0,0
2012-06-24 19:00:00,24.5,39,0.0,0
2012-06-24 20:00:00,22.4,46,0.0,0
2012-06-24 21:00:00,20.6,53,0.0,0
2012-06-24 22:00:00,19.3,59,0.0,0
2012-06-24 23:00:00,18.2,65,0.0,0
2012-06-25 00:00:00,17.1,71,0.0,0
2012-06-25 01:00:00,16.1,77,0.0,0
2012-06-25 02:00:00,15.2,81,0.0,0
2012-06-25 03:00:00,14.6,84,0.0,0
2012-06-25 04:00:00,14.4,83,0.0,0
2012-06-25 05:00:00,14.1,84,0.0,0
2012-06-25 06:00:00,13.7,84,0.0,0
2012-06-25 07:00:00,15.4,76,0.0,0
2012-06-25 08:00:00,18.5,57,0.0,0
2012-06-25 09:00:00,20.8,47,0.0,0
2012-06-25 10:00:00,22.9,40,0.0,0
2012-06-25 11:00:00,24.8,35,0.0,0
2012-06-25 12:00:00,25.8,31,0.0,0
2012-06-25 13:00:00,27.0,28,0.0,0
2012-06-25 14:00:00,27.7,25,0.0,0
2012-06-25 15:00:00,27.9,24,0.0,0
2012-06-25 16:00:00,27.5,24,0.0,0
2012-06-25 17:00:00,26.8,25,0.0,0
2012-06-25 18:00:00,25.8,27,0.0,0
2012-06-25 19:00:00,24.3,30,0.0,0
2012-06-25 20:00:00,22.4,37,0.0,0
2012-06-25 21:00:00,20.6,44,0.0,0
2012-06-25 22:00:00,19.4,50,0.0,0
2012-06-25 23:00:00,18.1,56,0.0,0
2012-06-26 00:00:00,16.8,61,0.0,0
2012-06-26 01:00:00,15.8,65,0.0,0
2012-06-26 02:00:00,15.2,67,0.0,0
2012-06-26 03:00:00,14.7,67,0.0,0
2012-06-26 04:00:00,14.1,67,0.0,0
2012-06-26 05:00:00,13.5,66,0.0,1
2012-06-26 06:00:00,13.2,64,0.0,1
2012-06-26 07:00:00,15.2,58,0.0,0
2012-06-26 08:00:00,19.8,38,0.0,0
2012-06-26 09:00:00,22.4,32,0.0,0
2012-06-26 10:00:00,24.7,28,0.0,0
2012-06-26 11:00:00,26.8,25,0.0,0
2012-06-26 12:00:00,28.0,22,0.0,0
2012-06-26 13:00:00,29.2,21,0.0,0
2012-06-26 14:00:00,30.0,21,0.0,0
2012-06-26 15:00:00,30.0,22,0.0,0
2012-06-26 16:00:00,29.4,24,0.0,0
2012-06-26 17:00:00,28.3,25,0.0,0
2012-06-26 18:00:00,26.9,28,0.0,0
2012-06-26 19:00:00,25.2,31,0.0,0
2012-06-26 20:00:00,23.3,37,0.0,0
2012-06-26 21:00:00,21.7,43,0.0,0
2012-06-26 22:00:00,20.4,48,0.0,0
2012-06-26 23:00:00,19.2,53,0.0,0
2012-06-27 00:00:00,17.7,62,0.0,0
2012-06-27 01:00:00,16.8,65,0.0,0
2012-06-27 02:00:00,16.2,67,0.0,0
2012-06-27 03:00:00,15.6,69,0.0,0
2012-06-27 04:00:00,15.0,70,0.0,1
2012-06-27 05:00:00,14.5,69,0.0,1
2012-06-27 06:00:00,14.2,68,0.0,1
2012-06-27 07:00:00,16.1,61,0.0,1
2012-06-27 08:00:00,20.9,41,0.0,0
2012-06-27 09:00:00,23.6,34,0.0,0
2012-06-27 10:00:00,26.0,29,0.0,0
2012-06-27 11:00:00,28.1,26,0.0,0
2012-06-27 12:00:00,29.5,24,0.0,0
2012-06-27 13:00:00,30.6,23,0.0,0
2012-06-27 14:00:00,31.2,22,0.0,0
2012-06-27 15:00:00,31.2,22,0.0,0
2012-06-27 16:00:00,30.8,22,0.0,0
2012-06-27 17:00:00,30.0,23,0.0,0
2012-06-27 18:00:00,28.8,25,0.0,0
2012-06-27 19:00:00,27.0,29,0.0,0
2012-06-27 20:00:00,24.7,37,0.0,0
2012-06-27 21:00:00,22.7,44,0.0,0
2012-06-27 22:00:00,21.2,50,0.0,0
2012-06-27 23:00:00,19.9,55,0.0,0
